Order ID,Order Date,Customer ID,Product ID,Quantity,Total Price
9782,2024-02-03,3854,169,9,237.69
7790,2024-04-21,4569,694,14,167.72
8633,2024-05-16,9610,600,11,62.48
6088,2024-04-20,9305,223,1,16.14
6603,2024-07-23,9510,295,5,137.10000000000002
7818,2024-01-31,4242,169,3,79.23
7435,2024-05-21,8417,232,15,412.95000000000005
5103,2024-02-17,6630,549,7,99.75
7650,2024-06-08,5868,737,4,95.2
8656,2023-08-27,7400,394,13,310.7
6825,2024-04-13,5453,259,7,42.98
8255,2024-01-20,9378,677,2,11.44
9665,2023-09-01,1484,549,8,114.0
7274,2023-12-18,6431,654,5,66.35
9850,2023-10-09,8492,694,1,11.98
8207,2024-06-09,9610,394,17,406.29999999999995
6710,2023-12-20,2275,694,3,35.94
7937,2023-09-28,1153,549,2,28.5
8575,2024-06-04,8811,549,8,114.0
9579,2023-09-06,3190,549,1,14.25
5035,2023-11-23,4417,106,3,56.58
5338,2023-10-17,3900,232,18,495.54
9215,2024-06-14,3046,677,4,22.88
6402,2023-11-30,2716,232,15,412.95000000000005
7897,2024-07-26,8506,890,8,224.32
7754,2023-11-26,1369,295,4,109.68
9317,2024-02-02,4569,106,10,188.6
7734,2023-10-30,2319,625,3,53.94
8860,2023-12-04,4672,670,2,52.68
6033,2023-11-07,4898,890,9,252.35999999999999
6064,2023-10-15,2021,574,5,80.55
9324,2023-09-09,7566,223,5,80.7
6225,2024-04-02,2470,600,11,62.48
7806,2024-03-18,9905,106,13,245.18
9912,2024-07-24,7776,259,9,55.26
8627,2024-06-02,4188,251,4,43.04
9946,2023-12-07,4898,654,5,66.35
9109,2024-03-19,9592,295,9,246.78000000000003
8634,2024-05-17,6238,232,2,55.06
8829,2024-04-06,3369,677,8,45.76
9442,2023-08-25,6657,394,2,47.8
9475,2024-03-20,9858,625,4,71.92
7955,2024-03-12,4686,890,8,224.32
5752,2023-08-15,7802,670,1,26.34
5669,2024-08-06,3645,890,7,196.28
7448,2023-10-16,3728,251,6,64.56
6126,2024-01-02,6329,232,4,110.12
9327,2024-04-12,5161,223,4,64.56
5221,2023-11-29,2742,494,2,47.52
6829,2024-04-27,2468,654,6,79.62
5282,2024-03-21,3726,251,2,21.52
5448,2023-10-17,3190,677,1,5.72
8697,2024-07-04,5773,494,8,190.08
9234,2023-10-22,3046,670,4,105.36
8732,2023-11-12,5819,169,4,105.64
5638,2023-10-09,8198,259,4,24.56
6859,2023-09-29,3798,295,4,109.68
8395,2024-01-31,5064,494,7,166.32000000000002
5743,2023-12-31,4433,677,3,17.16
5060,2024-06-19,2501,694,11,131.78
9569,2024-02-24,9369,694,1,11.98
6699,2024-04-23,5161,295,3,82.26
8100,2024-06-25,3205,223,7,112.98
7571,2024-03-26,6252,549,8,114.0
6549,2023-08-17,7400,600,6,34.08
7713,2023-12-05,2946,259,8,49.12
6953,2023-10-25,2182,600,15,85.19999999999999
5765,2024-08-01,4898,737,2,47.6
6577,2023-09-05,8140,654,8,106.16
7531,2023-10-29,8417,677,8,45.76
8023,2024-06-15,9388,232,14,385.42
9305,2024-02-15,5344,670,7,184.38
9671,2024-05-27,4803,625,9,161.82
9222,2024-02-07,4898,890,7,196.28
8374,2023-08-20,9749,694,18,215.64000000000001
9808,2024-01-31,7671,654,4,53.08
7646,2024-03-21,9350,600,4,22.72
5998,2024-07-25,2506,694,10,119.80000000000001
8554,2024-08-03,5453,890,6,168.24
6277,2024-05-05,7408,694,10,119.80000000000001
5078,2024-06-03,6509,223,6,96.84
8037,2023-12-17,3615,653,4,27.28
9131,2024-02-13,6342,574,5,80.55
5990,2024-07-07,7259,223,8,129.12
8030,2024-06-11,7062,653,18,122.76
5412,2024-05-02,6273,574,2,32.22
6561,2024-06-24,2089,232,11,302.83000000000004
8253,2024-01-03,5476,169,3,79.23
7560,2024-01-16,7321,670,7,184.38
6022,2024-06-12,3213,653,17,115.94
9418,2024-01-14,2709,251,3,32.28
6714,2023-10-26,4868,694,5,59.900000000000006
5808,2023-08-28,5411,574,1,16.11
7432,2024-02-12,2100,654,9,119.42999999999999
5013,2024-03-23,2729,694,13,155.74
5964,2023-08-22,1584,251,8,86.08
7392,2024-01-23,7849,223,9,145.26
5275,2023-11-17,2028,737,8,190.4
8725,2024-02-08,7965,890,3,84.12
8424,2024-07-19,6336,494,8,190.08
9915,2023-12-17,3726,653,4,27.28
7104,2023-12-15,2050,259,3,18.419999999999998
8854,2023-12-14,8443,625,9,161.82
9455,2024-03-09,2021,251,4,43.04
6768,2024-02-01,5757,625,3,53.94
6400,2024-03-15,4378,574,2,32.22
7045,2024-05-29,9749,106,14,264.03999999999996
9298,2024-08-03,7965,394,1,23.9
7472,2023-11-29,7970,670,5,131.7
8091,2024-06-09,1484,223,9,145.26
6684,2024-02-10,5453,737,8,190.4
8228,2024-01-08,5868,654,9,119.42999999999999
6448,2023-12-08,9348,653,2,13.64
7403,2024-01-07,9348,694,16,191.68
9214,2024-06-01,1524,251,4,43.04
9973,2023-09-04,7244,232,12,330.36
6432,2023-11-09,9305,223,4,64.56
6564,2024-03-03,6081,106,7,132.01999999999998
5393,2024-01-01,8184,169,3,79.23
6964,2023-10-29,6736,654,7,92.89
5747,2024-05-17,8832,670,3,79.02
7860,2024-03-09,8573,653,7,47.74
7278,2024-05-18,7388,549,7,99.75
5166,2023-10-10,2031,169,6,158.46
5477,2024-01-27,9378,494,4,95.04
7031,2024-06-02,1584,574,6,96.66
5053,2023-08-21,7637,295,2,54.84
7237,2024-02-23,6630,654,6,79.62
5986,2024-04-15,5300,890,8,224.32
6052,2023-09-07,7779,549,5,71.25
6716,2023-08-16,9645,890,3,84.12
6196,2024-07-13,7802,574,1,16.11
9550,2024-08-09,5826,677,1,5.72
6151,2023-12-19,8506,890,8,224.32
5243,2023-10-12,1182,295,4,109.68
7781,2023-11-22,1442,737,1,23.8
7774,2024-06-06,4242,654,4,53.08
6943,2023-09-09,5726,574,9,144.99
5292,2024-07-30,9771,106,14,264.03999999999996
7950,2024-06-28,7214,232,1,27.53
5771,2023-12-14,1512,259,8,49.12
9237,2024-07-25,9228,169,7,184.87
8717,2024-08-12,8184,654,6,79.62
9452,2024-06-24,6192,653,1,6.82
9682,2023-10-28,2995,251,8,86.08
6674,2024-06-11,6637,232,7,192.71
7436,2023-12-16,5633,625,1,17.98
9266,2023-11-13,5773,251,7,75.32
6560,2023-12-26,4321,394,14,334.59999999999997
7631,2024-06-09,9783,694,9,107.82000000000001
8234,2023-08-26,9327,737,4,95.2
9376,2023-12-23,9427,251,6,64.56
6385,2024-06-11,1813,625,5,89.9
9216,2024-08-12,4450,106,17,320.62
9750,2024-01-10,1011,394,11,262.9
9591,2024-04-09,1836,670,1,26.34
9778,2024-02-09,5007,251,2,21.52
6679,2023-09-24,2487,890,2,56.08
6510,2024-02-10,3798,737,6,142.8
7832,2024-02-08,4872,625,5,89.9
5936,2024-04-24,7422,654,1,13.27
5814,2024-01-23,7112,259,5,30.7
8145,2024-04-22,2110,251,4,43.04
7914,2023-11-13,4242,549,3,42.75
8364,2024-01-23,9451,670,3,79.02
5070,2024-01-03,1502,654,7,92.89
7641,2024-06-30,1158,670,4,105.36
7506,2024-05-15,5476,694,3,35.94
9143,2024-05-22,4990,737,1,23.8
7852,2024-04-01,4489,259,3,18.419999999999998
6282,2024-01-24,5842,259,8,49.12
7643,2023-09-28,2262,574,4,64.44
6635,2023-08-25,2470,737,2,47.6
9403,2023-12-06,2565,549,2,28.5
9292,2024-05-26,9230,494,3,71.28
7315,2023-09-19,5064,694,17,203.66
5793,2023-10-10,7968,653,5,34.1
9060,2024-05-07,5770,694,8,95.84
5923,2024-04-17,9155,653,7,47.74
5531,2023-10-24,9632,223,2,32.28
8821,2023-08-21,5208,653,18,122.76
9235,2024-06-27,7310,737,5,119.0
8015,2024-03-28,1836,574,3,48.33
8548,2024-05-12,7776,737,8,190.4
9019,2024-02-08,7087,653,15,102.30000000000001
7943,2023-08-16,7497,670,2,52.68
8724,2024-07-16,9399,259,9,55.26
9712,2023-10-31,7991,549,1,14.25
8338,2023-10-11,6431,232,17,468.01
8676,2024-05-07,2565,259,4,24.56
5860,2023-08-20,9016,549,1,14.25
5223,2023-12-26,6833,169,2,52.82
8954,2024-01-02,4895,694,4,47.92
8241,2024-01-20,1225,259,6,36.839999999999996
6234,2023-11-25,9426,223,4,64.56
5390,2024-01-09,6736,625,6,107.88
9612,2024-03-12,5726,890,9,252.35999999999999
8941,2023-12-22,8312,574,5,80.55
8005,2024-03-18,3190,394,16,382.4
7856,2023-09-19,2319,494,9,213.84
9342,2023-12-16,9992,106,3,56.58
6871,2023-09-06,2089,737,9,214.20000000000002
5525,2023-08-24,9327,574,4,64.44
8769,2024-05-17,7995,694,7,83.86
6153,2023-10-24,4433,295,9,246.78000000000003
6513,2023-12-24,7310,737,8,190.4
7671,2023-12-31,7415,259,1,6.14
6471,2024-02-15,3577,169,6,158.46
6649,2023-10-17,7873,653,7,47.74
8210,2023-11-07,6204,259,8,49.12
5114,2024-05-20,9945,653,10,68.2
6296,2024-04-27,9084,677,9,51.48
5889,2023-10-11,4610,670,6,158.04
6062,2024-05-18,9538,737,7,166.6
7369,2023-10-16,7400,600,5,28.4
5488,2024-05-22,1167,169,3,79.23
9795,2024-05-10,3416,494,5,118.80000000000001
8004,2023-11-05,3219,394,9,215.1
6869,2024-02-01,3213,295,1,27.42
7934,2024-02-23,6067,890,2,56.08
7300,2024-05-13,7103,259,9,55.26
7290,2024-07-30,6548,232,5,137.65
7058,2024-04-29,8492,737,3,71.4
7640,2024-04-24,9992,653,4,27.28
7202,2024-03-31,9679,670,6,158.04
7597,2024-02-17,3819,737,8,190.4
9354,2024-06-27,1524,670,4,105.36
5179,2024-02-06,2834,494,7,166.32000000000002
5485,2023-12-14,7779,654,7,92.89
9413,2023-12-11,3071,677,2,11.44
8605,2024-06-27,4624,677,8,45.76
8942,2023-09-10,9033,737,5,119.0
7844,2023-11-26,3028,625,3,53.94
8795,2024-04-07,3878,574,4,64.44
8273,2023-09-07,7991,394,4,95.6
8963,2023-08-15,9538,574,5,80.55
7424,2024-06-06,2487,574,8,128.88
6265,2024-06-08,7970,494,3,71.28
5197,2023-11-21,5681,694,10,119.80000000000001
5809,2024-03-14,2946,223,5,80.7
9422,2023-10-13,7103,670,8,210.72
9307,2024-03-02,4610,574,3,48.33
6130,2023-09-05,7991,600,18,102.24
5229,2024-06-23,1225,654,9,119.42999999999999
8690,2024-01-01,3819,890,4,112.16
6982,2024-01-29,8433,169,9,237.69
6584,2024-04-29,7755,549,5,71.25
5418,2023-12-10,8952,494,7,166.32000000000002
8733,2023-08-30,3025,600,3,17.04
8296,2023-09-02,1666,654,1,13.27
9440,2023-11-23,2863,694,3,35.94
7726,2024-03-30,7139,890,4,112.16
5656,2023-08-23,1110,670,9,237.06
7086,2024-02-22,6450,600,13,73.84
7557,2024-06-17,9427,694,14,167.72
9800,2023-08-26,4665,259,2,12.28
6681,2024-08-09,2644,600,6,34.08
7975,2024-06-11,9538,259,4,24.56
7895,2023-10-17,7339,737,5,119.0
8807,2024-05-08,8417,694,8,95.84
7609,2024-02-11,4610,259,6,36.839999999999996
7110,2023-12-21,9048,259,7,42.98
6293,2024-05-01,1447,654,2,26.54
6794,2023-11-11,2726,106,15,282.9
7817,2023-12-15,7873,600,19,107.91999999999999
8589,2023-10-24,5332,737,4,95.2
5261,2023-10-17,1343,223,1,16.14
7730,2023-12-26,9658,232,13,357.89
9588,2024-03-14,1587,600,4,22.72
7740,2023-11-08,7415,600,15,85.19999999999999
6588,2024-02-12,6132,600,3,17.04
5424,2024-06-24,2045,295,9,246.78000000000003
7459,2024-05-03,4868,295,7,191.94
5458,2023-08-14,6810,654,2,26.54
9930,2024-05-15,2050,494,4,95.04
9022,2024-04-05,9427,169,2,52.82
9566,2024-05-13,9001,654,7,92.89
6843,2024-02-29,4672,670,2,52.68
5457,2023-10-14,8506,737,7,166.6
7377,2023-09-10,8738,694,5,59.900000000000006
5746,2024-02-26,3645,694,16,191.68
9165,2023-12-02,1447,549,8,114.0
8465,2023-10-28,9399,106,4,75.44
6054,2024-02-03,8140,232,15,412.95000000000005
9226,2024-05-01,7995,494,5,118.80000000000001
5735,2024-02-13,6736,670,8,210.72
8794,2023-12-15,7310,223,9,145.26
5736,2023-08-21,1695,694,15,179.70000000000002
7845,2024-02-27,2031,295,6,164.52
6592,2024-04-15,7482,549,8,114.0
7194,2023-11-11,3772,259,9,55.26
8694,2024-02-14,3990,654,8,106.16
5075,2023-10-03,5875,394,1,23.9
5307,2024-06-23,4972,494,3,71.28
7767,2024-06-30,6369,549,6,85.5
6712,2024-08-10,3798,600,13,73.84
6542,2023-12-05,5633,625,2,35.96
6502,2024-07-04,7505,295,7,191.94
5277,2024-06-11,3551,694,17,203.66
9845,2023-09-02,5208,653,4,27.28
9606,2024-05-21,8506,677,3,17.16
9622,2023-12-24,1343,694,8,95.84
7295,2024-01-20,7103,223,1,16.14
8750,2023-11-07,1145,251,4,43.04
8350,2023-12-24,3213,625,5,89.9
5045,2024-05-07,8492,169,1,26.41
6676,2024-03-28,6192,295,1,27.42
7073,2023-08-29,6082,653,9,61.38
8045,2023-10-18,1442,549,3,42.75
5120,2024-02-07,5064,670,5,131.7
6846,2023-08-17,9048,890,2,56.08
9062,2024-08-03,5131,223,2,32.28
8850,2023-11-17,9537,259,7,42.98
5199,2024-04-01,9228,670,3,79.02
6543,2024-06-15,2863,394,12,286.79999999999995
8513,2024-06-22,9369,677,5,28.599999999999998
7219,2024-05-04,9523,169,1,26.41
6695,2024-06-16,6252,494,5,118.80000000000001
5581,2024-03-12,1158,394,4,95.6
8650,2024-05-03,6132,494,8,190.08
8025,2024-02-11,3617,653,14,95.48
8747,2023-11-12,1883,890,3,84.12
5310,2024-07-27,9796,654,8,106.16
8266,2024-05-11,1512,654,1,13.27
9126,2024-05-27,2742,106,11,207.45999999999998
5943,2024-02-18,8624,890,4,112.16
7374,2023-12-16,4768,574,5,80.55
9653,2024-03-02,2729,890,6,168.24
5883,2023-09-01,5453,169,8,211.28
5374,2024-03-24,6539,574,2,32.22
7082,2024-03-02,6938,494,3,71.28
9763,2023-10-15,2863,394,15,358.5
6898,2023-11-30,1484,677,8,45.76
9916,2024-06-01,9568,670,5,131.7
7751,2024-01-22,9048,677,6,34.32
8122,2024-02-03,9518,670,3,79.02
6411,2023-08-19,5131,223,1,16.14
6495,2024-02-18,7838,295,3,82.26
8538,2024-01-29,5566,494,7,166.32000000000002
9168,2024-07-20,4649,670,8,210.72
9785,2024-07-18,7566,223,4,64.56
6509,2023-11-23,1011,600,15,85.19999999999999
6344,2024-06-21,1584,737,7,166.6
7411,2023-12-03,1548,106,9,169.74
5855,2024-04-20,3305,106,10,188.6
8824,2023-11-24,9645,251,3,32.28
8493,2024-06-03,9016,106,18,339.48
7189,2023-12-08,8284,694,6,71.88
5026,2023-08-27,2599,251,9,96.84
5031,2024-07-21,6938,654,9,119.42999999999999
9770,2023-12-11,3496,574,3,48.33
8729,2024-01-21,8976,670,3,79.02
7430,2024-04-21,3819,169,4,105.64
8735,2023-09-25,9538,259,9,55.26
8430,2024-06-28,9592,259,6,36.839999999999996
5993,2024-02-25,4590,251,6,64.56
9178,2024-04-21,4146,259,8,49.12
7703,2024-01-13,1695,394,15,358.5
6524,2024-07-17,4487,574,9,144.99
5971,2023-10-10,5004,106,12,226.32
7046,2024-03-06,3617,890,9,252.35999999999999
7414,2024-07-10,6938,169,8,211.28
9496,2024-07-26,2494,295,5,137.10000000000002
6403,2024-03-11,4357,295,7,191.94
9049,2024-08-03,7802,890,7,196.28
5465,2023-12-20,5344,574,4,64.44
6761,2023-11-13,5826,625,5,89.9
7613,2024-04-20,2031,169,5,132.05
8930,2024-03-13,1368,259,7,42.98
8512,2024-06-04,1833,653,19,129.58
5130,2024-03-22,1011,223,8,129.12
8101,2023-09-27,1584,653,1,6.82
6932,2024-03-21,9992,106,12,226.32
8472,2024-03-20,4146,232,18,495.54
7732,2023-09-14,9645,169,2,52.82
7061,2023-10-19,6274,677,4,22.88
6988,2024-05-03,1029,653,3,20.46
9478,2024-02-21,8648,670,5,131.7
9727,2024-07-25,7237,670,4,105.36
8569,2024-03-01,6535,232,10,275.3
9956,2024-06-27,1512,890,7,196.28
8879,2023-09-05,7503,251,3,32.28
8204,2024-02-28,2726,600,6,34.08
9427,2024-03-18,2471,549,8,114.0
6602,2024-06-15,4590,394,18,430.2
7113,2024-01-21,1587,232,18,495.54
5982,2023-11-08,7678,653,13,88.66
6643,2023-09-04,7403,737,8,190.4
7336,2024-02-27,8976,223,5,80.7
6728,2024-06-25,8284,890,7,196.28
9789,2023-12-06,9632,223,2,32.28
7179,2024-02-16,4634,394,13,310.7
7232,2023-09-16,3584,890,5,140.2
6118,2024-06-25,7310,890,1,28.04
7587,2024-06-30,3386,670,6,158.04
8186,2024-04-26,8737,654,5,66.35
9260,2024-03-05,8927,295,5,137.10000000000002
8568,2024-07-17,7054,394,10,239.0
6066,2024-04-22,1442,394,14,334.59999999999997
6370,2023-09-23,2771,549,7,99.75
6748,2023-09-03,4489,670,1,26.34
8688,2024-01-30,3259,670,3,79.02
9732,2024-02-13,4768,694,11,131.78
8485,2023-09-20,7991,251,7,75.32
9731,2024-04-20,9596,232,12,330.36
7471,2024-04-09,3854,106,5,94.3
8469,2024-01-07,2759,737,2,47.6
7501,2024-03-20,5007,106,4,75.44
9433,2024-02-15,4672,169,7,184.87
5452,2023-10-28,1980,653,7,47.74
9280,2024-07-04,2928,106,4,75.44
8844,2024-01-29,9795,677,3,17.16
5535,2024-06-29,9999,295,8,219.36
5172,2024-01-08,5007,232,14,385.42
8706,2024-03-10,7339,259,4,24.56
5696,2024-03-25,7339,251,8,86.08
8573,2023-10-17,5687,890,7,196.28
5111,2023-11-02,2243,169,5,132.05
8369,2024-04-17,8557,223,8,129.12
9649,2024-06-03,3939,232,10,275.3
8219,2024-03-30,5644,549,5,71.25
5791,2023-10-17,4433,600,9,51.12
8713,2023-09-14,6081,169,8,211.28
7190,2023-11-10,7245,737,4,95.2
9352,2023-10-14,7714,494,4,95.04
6805,2023-09-26,3708,251,8,86.08
7505,2023-11-07,2603,223,2,32.28
8360,2024-05-07,2771,494,3,71.28
5092,2024-06-22,5111,677,9,51.48
7332,2023-10-22,6243,694,15,179.70000000000002
5185,2023-10-04,5770,600,14,79.52
9931,2024-07-20,6192,653,5,34.1
7621,2024-01-10,4874,737,7,166.6
5865,2023-08-21,3111,677,4,22.88
5673,2023-11-26,6369,653,4,27.28
5202,2024-03-27,6539,574,2,32.22
7655,2024-08-04,2639,251,7,75.32
5589,2023-10-02,2243,251,7,75.32
9646,2023-12-30,3798,549,2,28.5
9823,2023-11-04,8140,494,1,23.76
8610,2024-07-20,9451,653,4,27.28
6696,2024-02-24,3470,259,4,24.56
6537,2023-11-27,5161,259,7,42.98
7792,2024-07-07,3990,394,15,358.5
9086,2024-02-21,4321,259,5,30.7
5381,2023-12-09,2771,677,7,40.04
9497,2023-08-29,6252,654,1,13.27
6339,2023-12-25,3584,694,16,191.68
9177,2024-07-14,6410,600,15,85.19999999999999
7035,2023-12-21,5439,169,9,237.69
6300,2023-09-15,1502,169,2,52.82
6221,2024-01-30,9807,677,7,40.04
5717,2024-04-05,3149,694,9,107.82000000000001
9113,2024-07-29,6535,654,2,26.54
8952,2024-08-03,9327,653,8,54.56
6164,2024-06-22,3239,677,2,11.44
6672,2023-12-26,9072,574,5,80.55
6466,2024-02-16,3436,494,1,23.76
5332,2024-04-29,9538,654,4,53.08
6920,2024-07-31,2975,106,13,245.18
8967,2023-11-02,1400,106,3,56.58
7909,2024-04-22,7062,549,6,85.5
6688,2023-09-30,4803,223,9,145.26
7158,2024-08-10,9592,625,7,125.86
5942,2024-06-04,2344,394,17,406.29999999999995
8134,2024-08-13,8325,259,4,24.56
8974,2023-08-30,2764,295,2,54.84
5997,2024-01-23,2033,625,2,35.96
5520,2024-03-13,1153,677,3,17.16
7151,2023-09-11,6810,232,3,82.59
7345,2023-12-10,6548,259,1,6.14
6833,2023-10-25,8198,494,5,118.80000000000001
5126,2024-04-03,8927,494,7,166.32000000000002
5648,2023-09-13,7714,737,3,71.4
5674,2024-02-03,1021,251,7,75.32
6967,2023-10-13,3828,259,3,18.419999999999998
5499,2023-09-05,5007,394,18,430.2
5690,2023-12-25,2928,549,1,14.25
7870,2024-01-25,4630,694,5,59.900000000000006
9557,2023-10-20,4686,106,2,37.72
7350,2023-09-14,8869,677,4,22.88
9199,2023-11-23,5332,574,5,80.55
6754,2024-05-18,6170,574,4,64.44
6485,2024-01-21,3149,549,6,85.5
9553,2023-10-22,9426,106,11,207.45999999999998
6771,2024-07-17,8254,670,5,131.7
9400,2024-04-11,5577,677,2,11.44
9024,2023-12-29,7482,394,14,334.59999999999997
6380,2023-09-23,4444,694,15,179.70000000000002
7380,2024-01-22,5485,494,8,190.08
9267,2023-09-16,2494,295,5,137.10000000000002
7147,2024-06-06,3305,654,4,53.08
5566,2023-10-27,1049,737,5,119.0
5879,2024-06-10,1825,251,9,96.84
7062,2024-05-08,9790,574,4,64.44
5021,2024-03-05,6630,653,14,95.48
8139,2024-01-04,6431,574,5,80.55
6238,2024-07-07,7339,549,3,42.75
6776,2024-07-07,4188,169,6,158.46
6570,2023-10-29,2501,694,2,23.96
8764,2024-04-18,2742,694,10,119.80000000000001
9820,2024-01-04,9369,890,1,28.04
7069,2024-03-05,7560,574,9,144.99
9291,2023-12-21,7312,494,6,142.56
5937,2023-11-23,9048,600,19,107.91999999999999
6008,2023-11-15,3413,549,2,28.5
8503,2023-10-08,8832,106,16,301.76
6428,2023-11-01,5819,654,9,119.42999999999999
6847,2023-08-31,3470,625,8,143.84
6763,2024-04-22,4872,677,7,40.04
7530,2024-04-04,6369,737,9,214.20000000000002
9505,2024-02-16,1182,169,2,52.82
6677,2024-02-20,7678,600,11,62.48
6910,2023-12-31,3024,394,10,239.0
9740,2023-11-18,2729,694,4,47.92
9813,2024-07-08,2946,232,1,27.53
8227,2023-11-09,2995,737,6,142.8
5533,2024-04-12,2946,223,4,64.56
6689,2024-05-19,2948,653,14,95.48
8639,2024-05-14,9796,694,6,71.88
5864,2024-05-09,1695,549,7,99.75
9274,2023-09-29,8738,549,7,99.75
8779,2024-05-08,1980,259,4,24.56
7242,2024-03-04,9905,654,7,92.89
9191,2023-12-29,9427,494,7,166.32000000000002
8581,2023-08-23,4385,106,7,132.01999999999998
5595,2024-01-14,4487,694,1,11.98
9985,2024-05-14,6615,694,17,203.66
7816,2023-08-27,5083,677,9,51.48
8908,2024-01-02,1976,223,6,96.84
5728,2023-11-10,2110,223,9,145.26
6877,2024-06-23,1110,600,3,17.04
9777,2024-06-19,4990,549,8,114.0
5200,2024-06-12,3772,169,4,105.64
6357,2024-07-05,6329,169,9,237.69
6528,2024-08-03,9451,890,5,140.2
5640,2023-12-25,2742,654,8,106.16
9285,2023-12-26,2501,654,7,92.89
5216,2024-04-14,4434,574,8,128.88
5048,2024-07-31,8976,670,6,158.04
9752,2024-06-01,7339,106,14,264.03999999999996
5760,2024-04-01,3386,394,19,454.09999999999997
6076,2024-03-31,2078,223,4,64.56
6284,2024-02-09,3506,106,2,37.72
8112,2024-04-14,4433,574,3,48.33
9370,2023-12-22,6329,394,16,382.4
8630,2023-12-30,1836,737,1,23.8
8279,2024-02-27,4996,494,9,213.84
9163,2024-01-13,7408,600,16,90.88
6535,2023-12-09,5366,654,1,13.27
9499,2023-09-21,1695,677,5,28.599999999999998
6452,2024-02-21,4158,625,9,161.82
5801,2023-10-05,3003,549,6,85.5
9547,2024-02-14,4242,549,1,14.25
6812,2024-07-27,6637,394,8,191.2
7492,2024-03-31,4146,232,11,302.83000000000004
5979,2023-09-12,6345,106,19,358.34
9493,2023-08-20,8492,600,18,102.24
8158,2024-06-26,4582,251,8,86.08
6453,2023-10-20,3617,670,1,26.34
9044,2023-10-13,3854,694,5,59.900000000000006
6663,2023-12-27,5216,295,8,219.36
7548,2023-12-19,8811,394,2,47.8
6154,2023-09-17,3708,677,2,11.44
9428,2024-02-07,3990,494,8,190.08
6297,2024-02-06,7776,549,5,71.25
8905,2024-05-26,4378,394,6,143.39999999999998
5907,2023-12-17,3403,494,5,118.80000000000001
5958,2024-06-05,4519,677,4,22.88
9641,2024-01-07,9984,654,2,26.54
7859,2024-05-06,3077,625,5,89.9
7279,2023-09-21,4292,654,9,119.42999999999999
8478,2024-01-21,6359,394,18,430.2
9974,2024-07-15,4344,169,9,237.69
7379,2023-10-01,3854,890,5,140.2
9714,2024-01-23,7660,653,13,88.66
7699,2023-10-24,5007,394,2,47.8
8172,2024-05-08,4444,494,3,71.28
7043,2024-03-08,6174,600,8,45.44
8692,2023-12-12,2304,737,4,95.2
7309,2024-03-12,9683,654,5,66.35
9797,2024-08-03,5506,232,10,275.3
8751,2024-05-23,2123,251,3,32.28
5482,2024-06-06,1675,494,1,23.76
6722,2023-10-30,4759,106,14,264.03999999999996
5834,2024-07-16,2975,737,2,47.6
9398,2024-01-05,2494,654,9,119.42999999999999
8413,2023-12-09,5826,653,17,115.94
9510,2023-12-25,3406,494,1,23.76
9328,2024-07-13,9378,737,2,47.6
5426,2024-02-11,3789,737,8,190.4
6544,2024-01-30,2995,295,6,164.52
6742,2024-07-07,2995,494,3,71.28
8875,2024-07-13,9510,169,1,26.41
8105,2024-01-22,1833,670,8,210.72
7285,2023-11-09,9399,394,15,358.5
5810,2024-07-26,2344,890,6,168.24
9573,2024-07-19,7849,600,14,79.52
8022,2023-12-30,9596,394,16,382.4
5445,2023-09-12,5773,169,7,184.87
8049,2024-05-24,6345,169,7,184.87
8961,2024-08-05,3854,106,6,113.16
8778,2023-11-12,1832,232,18,495.54
9600,2024-06-14,3259,574,7,112.77
7576,2024-04-21,5064,549,4,57.0
6264,2023-12-15,1695,654,9,119.42999999999999
9781,2024-03-27,4677,259,7,42.98
5211,2024-06-14,8312,653,12,81.84
6826,2023-12-29,3854,677,3,17.16
7675,2024-02-28,6468,259,5,30.7
6595,2024-07-18,9596,653,5,34.1
6906,2024-03-10,9510,295,3,82.26
9663,2023-11-05,1517,654,9,119.42999999999999
8018,2024-06-14,7503,625,3,53.94
7915,2024-07-24,1153,106,11,207.45999999999998
6725,2024-05-03,8325,549,6,85.5
8810,2024-03-21,8140,890,6,168.24
9654,2023-09-07,1587,625,7,125.86
6386,2024-07-15,2395,169,3,79.23
9926,2023-11-08,1021,259,3,18.419999999999998
7366,2024-07-14,9155,251,8,86.08
6834,2023-12-13,5208,394,12,286.79999999999995
5201,2023-10-12,5083,737,3,71.4
6803,2024-07-15,2243,295,7,191.94
5598,2024-07-23,1225,549,6,85.5
8035,2023-12-31,6833,670,9,237.06
5226,2024-08-06,5726,677,3,17.16
6136,2023-10-23,2021,295,4,109.68
8370,2024-04-04,8738,574,8,128.88
6376,2024-07-21,8952,394,4,95.6
8400,2023-11-02,2716,223,9,145.26
5866,2024-07-09,2487,737,1,23.8
5069,2024-02-24,4444,295,3,82.26
9742,2024-04-26,3259,737,4,95.2
6760,2024-08-02,8738,295,2,54.84
8497,2024-04-15,6067,259,2,12.28
7286,2024-04-11,9523,654,1,13.27
5642,2024-05-21,2470,232,18,495.54
5891,2023-12-09,7560,654,5,66.35
7076,2024-07-13,8737,653,8,54.56
7695,2024-03-31,9807,677,7,40.04
8284,2024-08-11,9427,694,15,179.70000000000002
6270,2023-12-08,7991,169,4,105.64
9004,2024-07-24,2470,677,2,11.44
8666,2024-06-01,5300,737,2,47.6
9068,2023-12-30,4686,574,9,144.99
5817,2024-06-11,9399,654,6,79.62
8606,2023-11-22,1400,574,7,112.77
7723,2024-01-28,2243,295,5,137.10000000000002
9488,2023-08-27,4996,654,9,119.42999999999999
8074,2024-04-01,7497,890,4,112.16
6793,2024-03-17,3617,251,7,75.32
6072,2024-02-26,6081,654,4,53.08
5576,2024-07-01,7660,625,4,71.92
8792,2024-08-03,6067,670,8,210.72
6027,2023-11-16,9999,232,8,220.24
8499,2024-07-26,4401,694,19,227.62
8055,2023-12-05,6580,890,1,28.04
7507,2023-11-15,7871,232,19,523.07
7735,2023-10-31,6630,600,8,45.44
7351,2024-01-11,2028,653,1,6.82
6755,2023-08-25,5226,394,11,262.9
7201,2023-11-14,1666,106,18,339.48
7728,2024-05-31,5789,394,2,47.8
8200,2024-03-20,7566,394,3,71.69999999999999
8900,2023-11-24,1471,890,2,56.08
9129,2024-03-26,6121,890,1,28.04
5804,2023-11-19,2709,890,4,112.16
9624,2024-06-07,2217,670,1,26.34
8392,2023-11-08,2506,106,17,320.62
7425,2024-08-06,2433,169,9,237.69
6903,2023-12-03,4444,694,14,167.72
7183,2023-09-11,2275,625,7,125.86
8726,2023-12-28,7505,295,7,191.94
8423,2024-06-03,7779,600,11,62.48
8532,2023-08-30,3617,670,7,184.38
7068,2024-01-11,1018,625,6,107.88
7553,2023-08-16,1011,494,6,142.56
9598,2024-05-07,2275,169,9,237.69
6501,2024-06-08,1145,251,5,53.8
5969,2024-04-07,6938,890,2,56.08
7287,2024-08-13,5007,890,3,84.12
8590,2024-01-09,1167,677,1,5.72
9703,2024-04-04,5875,106,15,282.9
6520,2024-03-20,2243,259,7,42.98
6937,2024-08-07,1199,677,9,51.48
9135,2023-10-02,4686,169,3,79.23
5658,2023-11-26,7482,625,2,35.96
6430,2023-12-08,5882,169,9,237.69
9523,2023-09-23,4874,259,3,18.419999999999998
8043,2023-12-17,6539,259,9,55.26
8980,2024-02-16,3239,890,3,84.12
8010,2024-05-20,4582,670,3,79.02
5155,2024-05-14,9146,890,8,224.32
6098,2024-07-27,6535,295,7,191.94
8217,2023-09-21,7054,600,5,28.4
8872,2024-04-01,7486,259,4,24.56
7812,2023-12-08,4592,670,4,105.36
7757,2024-04-27,8907,654,2,26.54
8523,2024-05-18,6833,737,6,142.8
6045,2023-11-11,3436,259,6,36.839999999999996
7969,2023-10-27,7873,251,3,32.28
7752,2024-04-21,1813,223,6,96.84
7912,2024-01-26,2709,494,4,95.04
9026,2024-01-30,2292,670,3,79.02
5110,2024-07-07,6081,654,5,66.35
8884,2024-01-06,5004,232,5,137.65
6580,2024-08-08,4618,694,16,191.68
9842,2023-10-25,1153,169,7,184.87
5178,2023-11-19,7873,394,8,191.2
5928,2024-05-05,5876,251,1,10.76
5528,2023-10-23,4898,251,9,96.84
5460,2024-04-26,6450,654,4,53.08
6262,2024-02-03,3615,694,4,47.92
9716,2024-04-22,9179,251,9,96.84
8098,2023-10-19,9632,169,5,132.05
5225,2024-05-13,4434,737,5,119.0
9526,2023-09-17,6243,653,14,95.48
8817,2024-08-11,7736,106,13,245.18
7746,2024-05-21,4123,223,5,80.7
8001,2024-01-26,2123,259,9,55.26
6876,2023-12-18,5985,232,10,275.3
8257,2024-06-17,8691,232,13,357.89
6499,2024-02-26,6274,259,8,49.12
8026,2024-01-09,2028,251,4,43.04
8881,2024-03-08,8417,574,8,128.88
7467,2023-10-07,2395,890,8,224.32
9065,2024-01-26,3436,890,8,224.32
9356,2024-02-13,9351,223,2,32.28
6459,2024-04-01,7995,670,3,79.02
7793,2023-11-26,1167,890,4,112.16
8168,2024-04-25,2975,574,9,144.99
6133,2024-07-31,7486,677,4,22.88
8428,2023-10-03,1199,259,3,18.419999999999998
6203,2024-02-06,2888,106,17,320.62
6458,2023-10-28,1695,653,1,6.82
9335,2024-04-06,3398,232,5,137.65
5585,2024-01-20,3617,549,7,99.75
7486,2023-09-30,8976,737,2,47.6
8687,2024-04-23,2079,677,9,51.48
8885,2023-09-27,4972,625,1,17.98
5518,2024-01-07,7776,169,2,52.82
8385,2023-12-28,4874,677,7,40.04
6650,2023-10-01,5111,394,17,406.29999999999995
6669,2023-09-10,2863,625,7,125.86
8403,2023-12-12,1418,232,10,275.3
6468,2024-08-12,6137,494,7,166.32000000000002
6698,2024-05-10,2028,232,7,192.71
5856,2024-01-18,1193,694,9,107.82000000000001
5591,2024-03-10,4759,670,9,237.06
5552,2023-11-03,2759,494,3,71.28
9383,2023-08-30,7139,106,3,56.58
5609,2023-09-30,2946,670,3,79.02
5545,2024-04-04,7968,549,2,28.5
6275,2024-04-26,9996,625,8,143.84
9085,2024-02-21,5842,106,3,56.58
5298,2024-02-21,3436,106,5,94.3
7669,2024-02-19,5161,232,3,82.59
6565,2024-01-12,6273,600,18,102.24
9951,2024-04-20,3111,295,6,164.52
7980,2024-02-24,9155,737,4,95.2
5944,2023-12-20,1584,232,14,385.42
8789,2023-10-27,3984,169,9,237.69
6883,2024-02-08,8140,251,8,86.08
6014,2023-10-26,2123,677,4,22.88
6918,2024-07-08,2644,670,9,237.06
5770,2024-06-26,3878,654,9,119.42999999999999
6194,2024-05-24,7415,106,6,113.16
7843,2024-08-10,3369,625,3,53.94
8418,2024-01-10,5437,549,3,42.75
9830,2024-02-08,2470,394,15,358.5
9693,2024-05-04,2863,654,1,13.27
8114,2024-04-20,4146,625,7,125.86
7040,2024-05-02,1517,653,2,13.64
8221,2023-10-29,8232,737,1,23.8
9875,2023-11-25,3726,394,12,286.79999999999995
7512,2024-07-31,8832,890,4,112.16
8278,2023-10-29,1980,295,8,219.36
5615,2024-05-15,1225,677,1,5.72
9853,2024-03-07,1129,251,9,96.84
7419,2024-01-07,1167,653,4,27.28
9821,2024-01-04,1145,625,7,125.86
7223,2024-01-27,2863,670,2,52.68
7134,2024-03-25,2888,670,5,131.7
6801,2023-08-19,3071,169,2,52.82
6909,2023-10-30,1223,670,1,26.34
8782,2023-10-03,9714,169,2,52.82
8556,2024-05-23,1517,394,10,239.0
9402,2024-01-01,6097,625,8,143.84
8071,2024-02-11,5453,625,7,125.86
9694,2023-10-05,3184,259,9,55.26
9223,2024-01-19,4300,625,3,53.94
6287,2024-02-11,8738,295,9,246.78000000000003
8990,2023-11-14,7849,625,5,89.9
7112,2023-11-21,7259,653,16,109.12
7056,2023-10-19,2186,625,7,125.86
8558,2024-04-05,2639,169,1,26.41
5162,2023-10-19,9072,625,2,35.96
8945,2024-05-20,6345,232,19,523.07
7634,2023-12-06,2639,494,5,118.80000000000001
8351,2023-11-15,4123,251,5,53.8
5414,2023-11-23,1129,394,12,286.79999999999995
6113,2024-02-14,2344,694,10,119.80000000000001
5917,2024-05-28,5882,670,8,210.72
5132,2023-08-16,2716,494,2,47.52
7262,2023-08-22,5458,232,11,302.83000000000004
9460,2024-01-21,4754,670,3,79.02
6337,2024-05-08,1199,670,5,131.7
8102,2024-04-08,8198,653,19,129.58
5523,2023-12-16,5882,653,7,47.74
9837,2023-12-22,5726,295,4,109.68
9772,2024-03-12,2089,574,4,64.44
6129,2023-12-22,2470,394,13,310.7
9111,2024-03-01,9072,394,16,382.4
9031,2023-11-16,8120,549,9,128.25
9300,2024-07-26,9179,654,3,39.81
8969,2023-09-26,4759,625,6,107.88
9866,2024-04-19,4213,394,16,382.4
5160,2024-04-20,3213,654,2,26.54
7210,2024-05-01,4487,494,6,142.56
5908,2023-12-26,5131,737,1,23.8
5165,2024-03-29,5687,106,15,282.9
6497,2024-06-17,2468,169,8,211.28
7906,2024-06-29,7078,654,7,92.89
6999,2023-11-22,5132,169,7,184.87
8935,2023-12-09,3219,653,8,54.56
6787,2024-02-04,9388,549,8,114.0
5842,2023-11-28,4378,494,1,23.76
9014,2024-07-29,1812,694,13,155.74
9375,2023-08-22,3111,677,6,34.32
9889,2024-03-26,2456,600,6,34.08
6573,2023-11-24,6127,232,2,55.06
9492,2024-05-10,8938,654,8,106.16
6061,2024-01-18,5007,494,3,71.28
7072,2024-02-23,9632,232,1,27.53
7011,2023-09-10,7566,169,2,52.82
6237,2023-09-06,9679,494,2,47.52
9362,2024-05-18,7214,169,2,52.82
7163,2024-04-24,2565,259,1,6.14
7802,2024-08-04,5985,737,3,71.4
8616,2024-02-25,2672,169,2,52.82
5544,2024-04-07,5770,677,9,51.48
8024,2024-07-03,1471,295,4,109.68
9388,2024-05-21,5842,223,4,64.56
9240,2024-04-30,2217,677,1,5.72
9446,2024-01-24,7403,653,2,13.64
5597,2023-12-30,9568,549,8,114.0
9728,2024-02-02,1182,169,3,79.23
7406,2024-01-22,9305,574,9,144.99
9779,2023-10-16,9538,670,6,158.04
6426,2023-08-29,2110,574,8,128.88
6555,2024-07-27,8938,574,5,80.55
5394,2024-03-31,6342,677,2,11.44
7228,2023-12-23,6615,654,4,53.08
9344,2024-03-03,9807,106,2,37.72
5143,2023-11-16,6329,549,2,28.5
6961,2024-08-08,4485,232,18,495.54
5508,2023-09-20,5111,694,1,11.98
9411,2024-06-24,4569,653,9,61.38
6100,2024-08-01,2716,394,17,406.29999999999995
8429,2023-11-13,5004,694,15,179.70000000000002
5000,2024-01-29,1675,394,2,47.8
5469,2024-08-12,6246,232,13,357.89
8246,2024-04-26,2726,169,9,237.69
8851,2024-06-12,5633,251,1,10.76
5884,2024-07-25,7965,223,3,48.42
7714,2024-03-05,7497,670,9,237.06
9967,2023-10-14,9807,625,1,17.98
5052,2024-02-20,9714,625,3,53.94
8651,2024-06-20,8869,549,2,28.5
8276,2024-03-11,6243,737,7,166.6
5910,2023-10-31,5789,677,6,34.32
5630,2024-04-05,4895,549,9,128.25
5493,2024-03-19,4696,169,3,79.23
9399,2024-03-08,1225,625,6,107.88
5483,2024-07-07,9155,259,5,30.7
7207,2023-12-02,7779,251,6,64.56
5289,2024-01-11,2863,670,6,158.04
7263,2023-10-24,3551,259,5,30.7
5820,2024-04-30,8365,600,18,102.24
7791,2023-10-07,7830,670,1,26.34
5913,2024-01-28,3028,625,7,125.86
9454,2023-11-29,1368,574,1,16.11
9615,2024-02-21,4590,295,5,137.10000000000002
5894,2024-04-30,1298,600,18,102.24
5094,2024-02-22,5842,625,7,125.86
5429,2024-04-07,2433,494,4,95.04
8047,2024-06-03,6097,232,15,412.95000000000005
8232,2023-09-30,2928,574,9,144.99
9050,2024-01-24,6539,169,3,79.23
6919,2024-05-07,9796,890,9,252.35999999999999
5118,2024-07-23,2548,295,8,219.36
9684,2024-06-04,4677,223,6,96.84
7106,2023-10-22,5083,106,5,94.3
9144,2024-03-07,1521,677,2,11.44
9130,2024-04-20,4610,494,7,166.32000000000002
6901,2023-12-24,6138,549,5,71.25
7840,2024-01-02,9679,654,7,92.89
8593,2024-03-08,5070,106,9,169.74
5077,2024-04-12,4885,670,9,237.06
6500,2024-06-18,5633,737,7,166.6
5466,2024-01-10,2456,394,2,47.8
9133,2024-04-09,8624,694,17,203.66
5044,2024-02-26,5161,654,2,26.54
9110,2023-08-30,4803,694,11,131.78
9642,2024-05-01,7245,169,3,79.23
5781,2023-12-05,5332,574,9,144.99
5349,2024-05-22,9179,677,7,40.04
9544,2023-10-01,6246,737,2,47.6
9459,2023-12-08,6137,890,5,140.2
7304,2023-12-21,5110,890,6,168.24
9217,2024-04-14,1833,890,5,140.2
7960,2023-12-04,4759,625,8,143.84
6228,2024-06-15,3028,251,3,32.28
7101,2024-07-19,3436,654,5,66.35
6550,2024-01-19,4981,223,6,96.84
8223,2023-08-27,2644,549,3,42.75
8873,2024-01-12,1369,625,3,53.94
5612,2024-02-15,6814,223,1,16.14
9840,2024-06-10,2712,654,3,39.81
9522,2024-02-28,3369,694,18,215.64000000000001
9970,2023-12-21,5506,251,9,96.84
5564,2023-09-03,5824,670,7,184.38
5897,2024-08-08,9756,574,6,96.66
9933,2023-09-23,7339,494,9,213.84
8680,2024-06-08,1369,394,16,382.4
8720,2023-08-14,9230,654,9,119.42999999999999
8798,2023-08-31,4838,494,3,71.28
8164,2024-02-29,7189,169,5,132.05
6556,2024-01-04,1495,574,6,96.66
7739,2023-10-08,4803,890,5,140.2
8309,2023-10-11,4304,737,6,142.8
5898,2024-02-17,9555,251,2,21.52
8965,2024-04-10,6336,295,8,219.36
5369,2024-02-06,4489,169,2,52.82
8739,2024-06-26,5131,232,16,440.48
9812,2024-04-23,2565,670,3,79.02
8032,2024-06-29,9518,106,5,94.3
5587,2024-05-29,9084,232,18,495.54
5560,2024-03-01,4965,600,5,28.4
6578,2023-08-19,8573,259,9,55.26
6979,2023-11-08,9568,677,5,28.599999999999998
6662,2024-01-04,3394,737,3,71.4
6582,2023-09-29,7087,106,17,320.62
8718,2024-04-07,5439,259,9,55.26
8038,2023-08-26,7103,223,3,48.42
8781,2023-12-25,9858,625,1,17.98
8531,2024-03-10,9210,494,9,213.84
6683,2023-10-29,5004,169,7,184.87
7057,2023-10-09,7830,295,6,164.52
8117,2023-12-09,4686,232,2,55.06
9378,2023-08-26,8557,677,3,17.16
7047,2023-08-29,4618,694,17,203.66
6159,2023-11-25,6204,223,9,145.26
5294,2024-04-13,2928,890,5,140.2
8865,2024-02-03,7112,600,13,73.84
8326,2024-07-08,5086,295,8,219.36
6289,2024-03-02,9615,694,9,107.82000000000001
7620,2023-09-20,7328,654,2,26.54
7038,2023-09-30,2031,670,8,210.72
5284,2023-09-04,2186,737,2,47.6
7903,2024-04-21,4213,394,11,262.9
5775,2023-09-30,7486,251,2,21.52
8040,2024-05-19,8325,890,5,140.2
7721,2023-12-25,6833,549,9,128.25
5009,2024-01-25,9510,654,6,79.62
9224,2024-03-16,6137,654,3,39.81
8511,2023-10-09,2603,625,5,89.9
9623,2023-10-31,6814,232,18,495.54
9699,2023-11-14,2494,394,9,215.1
5594,2024-08-10,9351,232,13,357.89
5235,2024-03-28,8312,737,9,214.20000000000002
9470,2023-09-16,5411,694,7,83.86
7077,2024-07-25,1182,223,6,96.84
6558,2023-10-24,4650,259,8,49.12
6664,2023-11-30,4385,394,6,143.39999999999998
6120,2023-11-26,8938,670,5,131.7
9331,2024-06-07,5458,549,1,14.25
8188,2024-02-01,3403,574,4,64.44
9589,2024-04-27,8927,106,18,339.48
9319,2024-04-21,9369,106,9,169.74
8584,2023-08-18,4357,259,7,42.98
8014,2024-03-02,1584,890,4,112.16
6601,2023-08-17,5824,625,6,107.88
9099,2024-03-08,3184,653,7,47.74
8342,2023-12-03,1369,677,4,22.88
5398,2024-07-01,6342,106,6,113.16
8414,2024-03-22,6410,394,16,382.4
5797,2024-02-07,3305,625,7,125.86
7835,2023-12-24,2975,737,1,23.8
5933,2024-07-27,2265,694,9,107.82000000000001
9858,2023-10-10,2262,494,8,190.08
9064,2024-01-07,7103,169,5,132.05
7603,2023-11-28,9451,653,17,115.94
8170,2024-07-27,7566,251,2,21.52
9884,2023-12-20,4385,694,9,107.82000000000001
7885,2023-10-09,4417,394,9,215.1
8948,2024-08-03,9523,737,8,190.4
7702,2024-01-25,9999,653,8,54.56
7639,2024-06-03,8557,394,6,143.39999999999998
5766,2024-02-10,2644,600,2,11.36
5749,2023-12-25,3584,654,3,39.81
7348,2024-03-12,4981,223,1,16.14
9406,2024-08-13,5070,574,6,96.66
5790,2023-09-02,3470,251,1,10.76
7878,2024-05-01,1548,677,7,40.04
8363,2024-01-28,2834,259,1,6.14
8346,2024-02-07,7671,654,6,79.62
7460,2024-05-20,6657,737,7,166.6
6484,2024-07-24,7691,653,14,95.48
7896,2023-12-18,1225,223,3,48.42
8869,2024-07-13,2639,653,7,47.74
8439,2024-07-26,3003,737,9,214.20000000000002
9407,2024-01-31,1029,251,5,53.8
5250,2024-07-01,5985,494,9,213.84
6593,2024-05-25,7497,169,4,105.64
8614,2023-10-05,9615,654,6,79.62
6532,2023-11-14,2716,653,13,88.66
9032,2024-02-01,1825,670,6,158.04
6858,2024-01-20,5453,574,6,96.66
6998,2023-11-07,9228,106,10,188.6
8097,2024-01-24,8648,295,3,82.26
7939,2024-08-06,9999,232,10,275.3
7850,2024-06-27,3726,494,7,166.32000000000002
7291,2024-03-28,5770,232,13,357.89
5918,2024-07-17,5411,295,4,109.68
8306,2024-08-06,5566,295,9,246.78000000000003
8621,2024-05-29,6548,494,8,190.08
7731,2024-04-19,1110,625,3,53.94
5028,2024-08-12,2639,259,9,55.26
5435,2023-08-27,5644,106,13,245.18
6547,2024-06-14,1199,549,3,42.75
9221,2023-10-10,4487,600,3,17.04
8846,2024-05-13,7776,653,5,34.1
5207,2023-08-24,2603,890,7,196.28
5478,2024-03-02,9332,549,1,14.25
8152,2023-11-21,8832,232,3,82.59
7239,2024-05-16,4759,169,3,79.23
5113,2023-11-05,7497,670,2,52.68
6396,2024-04-23,1832,223,6,96.84
8655,2024-06-23,8648,737,3,71.4
7839,2023-10-11,8691,169,3,79.23
9016,2024-07-27,3003,694,12,143.76
7842,2024-03-05,3190,169,3,79.23
8167,2024-04-24,9984,653,16,109.12
7824,2024-05-18,3617,625,4,71.92
9861,2024-04-14,2304,251,6,64.56
9587,2024-04-16,4450,574,1,16.11
8090,2024-07-26,8417,106,11,207.45999999999998
7927,2023-11-24,4630,654,9,119.42999999999999
5906,2024-05-09,5332,625,1,17.98
9336,2024-02-17,5868,737,2,47.6
8240,2024-01-07,8562,394,19,454.09999999999997
7633,2024-01-28,3990,295,9,246.78000000000003
5074,2024-01-23,7328,295,4,109.68
7762,2023-09-17,6252,694,7,83.86
7500,2024-02-05,8120,737,8,190.4
7187,2024-01-21,9858,670,8,210.72
6568,2024-04-19,8907,106,17,320.62
7394,2024-03-11,7849,670,2,52.68
5046,2024-04-08,7637,654,2,26.54
9079,2023-10-11,9645,574,2,32.22
7532,2024-04-09,4444,106,17,320.62
9661,2024-08-02,8737,653,10,68.2
7626,2024-04-26,1980,232,7,192.71
9182,2024-05-23,5633,654,9,119.42999999999999
8398,2024-07-12,9210,251,1,10.76
5375,2023-08-20,6431,169,3,79.23
7511,2024-07-03,2565,625,6,107.88
9118,2023-10-23,5687,890,4,112.16
6607,2024-06-17,2089,653,12,81.84
8388,2024-07-14,5882,653,14,95.48
8341,2024-04-30,5007,737,4,95.2
5563,2024-06-19,2928,251,5,53.8
7005,2023-12-09,4677,625,2,35.96
9067,2024-01-19,1018,106,1,18.86
7704,2023-12-14,3394,670,6,158.04
8659,2024-07-28,3819,890,1,28.04
5701,2024-07-09,2028,600,18,102.24
7758,2023-09-27,5985,295,8,219.36
6348,2024-03-28,4990,625,7,125.86
8251,2024-06-15,1976,574,9,144.99
7002,2024-03-26,7482,106,17,320.62
5719,2023-10-23,3259,600,10,56.8
6762,2023-10-20,5132,574,1,16.11
9123,2023-09-16,5300,232,16,440.48
7280,2024-03-27,2639,549,9,128.25
9744,2023-10-31,8443,677,1,5.72
7020,2023-10-13,6539,494,2,47.52
8749,2024-03-12,3470,549,7,99.75
6254,2023-10-27,4401,169,7,184.87
8131,2024-04-16,6082,574,4,64.44
7079,2024-04-07,7054,251,6,64.56
8315,2024-01-15,9001,890,9,252.35999999999999
7744,2024-07-03,6132,670,3,79.02
6518,2024-04-16,4898,494,8,190.08
8519,2023-08-17,9523,625,6,107.88
5101,2024-05-01,6698,223,3,48.42
5914,2024-04-22,9984,625,5,89.9
8449,2023-12-07,3615,232,16,440.48
7036,2024-02-28,4385,394,1,23.9
5570,2024-03-19,2888,295,9,246.78000000000003
9988,2024-05-23,7339,259,5,30.7
5949,2024-04-27,8607,737,4,95.2
8818,2023-09-19,2712,574,7,112.77
6395,2023-11-16,2456,890,6,168.24
6723,2024-06-11,9228,574,7,112.77
7521,2024-06-07,2672,574,2,32.22
9487,2023-10-02,2672,494,8,190.08
5370,2024-04-04,3645,574,9,144.99
7373,2023-09-17,1825,653,16,109.12
8533,2024-07-31,4759,232,9,247.77
7970,2023-10-19,7189,600,6,34.08
7836,2024-03-19,4433,654,1,13.27
6848,2024-01-13,9350,574,3,48.33
7966,2023-12-07,6698,737,3,71.4
9555,2023-10-28,9555,677,6,34.32
5320,2023-10-07,9984,394,6,143.39999999999998
7311,2024-05-23,2928,549,1,14.25
8477,2023-10-07,4489,259,6,36.839999999999996
8487,2024-01-22,3939,106,16,301.76
7303,2023-12-08,9680,394,4,95.6
9190,2024-01-26,7497,106,18,339.48
9944,2024-02-09,3615,251,7,75.32
6094,2024-08-10,4494,694,5,59.900000000000006
9192,2023-11-29,7505,625,7,125.86
6421,2023-10-05,8254,653,6,40.92
5423,2023-09-08,3219,232,18,495.54
6299,2024-04-25,1335,653,5,34.1
5193,2024-02-17,4450,106,4,75.44
9166,2023-10-24,9210,232,12,330.36
8059,2024-03-06,2726,549,1,14.25
9509,2023-09-20,6342,106,12,226.32
9297,2023-12-17,2928,600,13,73.84
7691,2023-12-16,7497,106,9,169.74
7447,2023-10-19,1883,677,1,5.72
9425,2024-01-06,6468,232,3,82.59
7429,2024-02-17,9016,295,3,82.26
9018,2024-07-27,3577,223,9,145.26
5093,2024-02-15,1368,251,5,53.8
8103,2024-05-19,6097,232,9,247.77
7570,2023-09-06,9582,223,9,145.26
6726,2024-02-27,4618,653,17,115.94
6243,2023-09-01,3726,694,7,83.86
5346,2023-12-24,4146,625,5,89.9
7418,2023-12-11,9796,494,5,118.80000000000001
6962,2024-06-15,9984,169,8,211.28
7919,2023-08-31,5776,394,13,310.7
5136,2024-01-06,7078,600,16,90.88
8719,2024-06-22,3645,574,4,64.44
7410,2023-10-27,6572,625,4,71.92
7268,2023-09-25,4996,890,8,224.32
8265,2024-03-02,1836,890,8,224.32
6322,2024-07-30,4242,106,9,169.74
7154,2023-11-11,7560,737,2,47.6
8431,2023-09-04,7560,223,3,48.42
6648,2023-11-27,3198,653,16,109.12
6824,2024-03-03,1471,494,9,213.84
9513,2023-10-24,3789,549,2,28.5
5364,2023-11-17,7968,494,2,47.52
8126,2023-09-22,7328,625,4,71.92
5158,2023-10-14,1695,106,11,207.45999999999998
6135,2024-01-25,2079,106,2,37.72
7929,2024-06-09,1548,890,3,84.12
7255,2023-11-14,7970,694,2,23.96
7618,2024-07-09,2045,106,12,226.32
9294,2023-08-20,4123,677,8,45.76
5076,2024-02-26,4895,670,2,52.68
7759,2024-04-10,3003,295,8,219.36
6887,2024-07-04,5757,223,8,129.12
9074,2024-02-13,7630,106,2,37.72
5002,2023-10-21,9138,574,3,48.33
5715,2024-03-07,8737,169,2,52.82
8468,2024-03-20,1225,251,3,32.28
6973,2024-03-15,5411,549,1,14.25
8325,2024-06-12,6630,670,5,131.7
6122,2023-12-06,3398,223,6,96.84
9906,2024-02-24,2724,259,7,42.98
6552,2023-08-30,2468,232,16,440.48
7461,2024-01-09,2910,574,8,128.88
6475,2023-11-30,9230,653,3,20.46
9554,2023-12-09,9771,106,2,37.72
5145,2024-02-10,2031,677,2,11.44
8866,2024-02-12,7139,223,8,129.12
7815,2024-08-13,9327,251,8,86.08
8380,2024-03-27,7849,653,16,109.12
6857,2024-02-14,3398,890,8,224.32
8871,2023-11-07,8562,694,9,107.82000000000001
9521,2024-03-06,8927,654,6,79.62
8149,2024-07-25,9807,106,4,75.44
6406,2024-04-13,9615,223,5,80.7
9028,2024-06-07,3198,549,6,85.5
7692,2023-10-11,1813,169,2,52.82
5614,2023-12-18,9210,694,9,107.82000000000001
8842,2023-09-21,8433,106,19,358.34
7729,2024-01-02,5453,232,14,385.42
7733,2024-07-26,4898,654,6,79.62
5613,2023-08-14,9210,670,3,79.02
6572,2024-06-16,2726,574,5,80.55
5232,2024-06-12,9632,232,13,357.89
9902,2024-02-09,5083,549,5,71.25
8445,2023-12-05,4610,574,1,16.11
8582,2023-09-28,4803,223,7,112.98
5040,2024-06-19,3077,169,3,79.23
9421,2024-08-09,9945,574,5,80.55
9471,2023-09-28,1792,654,8,106.16
8976,2024-04-24,3369,654,8,106.16
8591,2023-12-12,8624,653,1,6.82
7384,2023-12-26,4868,677,3,17.16
6639,2023-10-28,1442,106,15,282.9
7452,2024-06-11,2709,394,18,430.2
9443,2024-07-20,6535,600,11,62.48
9611,2024-07-18,2995,223,1,16.14
8923,2023-09-18,5208,890,1,28.04
8501,2023-09-11,4401,394,3,71.69999999999999
5041,2023-12-14,6121,295,2,54.84
6420,2023-11-30,2045,890,7,196.28
7513,2024-07-08,4624,737,1,23.8
5543,2024-01-17,5007,394,18,430.2
6921,2024-06-29,5882,394,16,382.4
5606,2023-09-22,3256,654,5,66.35
9277,2024-04-14,6057,574,2,32.22
7538,2024-01-06,1049,259,6,36.839999999999996
6820,2024-03-23,5669,625,8,143.84
7933,2023-11-08,2186,232,7,192.71
7573,2023-10-16,6132,251,5,53.8
8504,2023-09-25,5110,232,17,468.01
5694,2023-11-17,3305,232,15,412.95000000000005
8222,2023-11-01,3939,251,3,32.28
7705,2023-09-27,6204,694,12,143.76
5679,2024-02-05,8140,625,9,161.82
5464,2023-09-08,6121,223,6,96.84
5382,2024-03-09,1833,295,8,219.36
6733,2023-11-19,7678,394,14,334.59999999999997
7415,2024-02-17,6342,251,1,10.76
7488,2023-08-29,9537,670,4,105.36
8878,2024-02-18,9996,223,2,32.28
9757,2023-12-23,5566,677,2,11.44
6945,2023-09-26,6810,169,3,79.23
8949,2023-12-03,2333,169,3,79.23
8661,2024-06-08,6067,232,10,275.3
7172,2024-01-27,6708,251,1,10.76
6926,2024-07-02,5132,654,2,26.54
5757,2024-05-18,4918,625,4,71.92
9905,2024-08-12,8232,737,5,119.0
6773,2024-03-06,8907,259,8,49.12
9434,2024-08-11,1298,653,11,75.02000000000001
5050,2024-03-11,4696,670,4,105.36
7473,2023-09-26,3413,223,3,48.42
8372,2024-01-23,6121,295,4,109.68
9565,2024-01-19,7214,574,6,96.66
5948,2024-05-01,3369,169,4,105.64
5228,2024-06-23,2764,223,1,16.14
5436,2024-06-07,9858,670,4,105.36
5191,2024-05-17,2344,259,5,30.7
7139,2024-08-05,4696,600,5,28.4
6119,2023-12-07,5070,494,4,95.04
8822,2023-10-26,5934,890,8,224.32
8362,2024-02-01,4433,677,9,51.48
7495,2024-07-02,4158,670,4,105.36
6125,2024-01-04,7408,694,1,11.98
7212,2024-06-21,6121,694,15,179.70000000000002
8355,2024-04-25,4450,549,2,28.5
5955,2024-01-13,4686,654,3,39.81
9901,2023-08-29,9749,251,1,10.76
9753,2024-02-06,4487,625,3,53.94
7021,2023-08-16,1029,653,3,20.46
9034,2024-03-15,4592,625,1,17.98
8099,2024-07-13,6630,670,4,105.36
6332,2024-07-02,3939,494,2,47.52
5072,2024-01-27,1548,654,9,119.42999999999999
6392,2024-02-09,4838,169,5,132.05
5352,2023-10-16,2759,223,4,64.56
8544,2024-06-16,5757,694,11,131.78
6746,2023-11-29,2123,223,6,96.84
5417,2024-01-28,4433,394,15,358.5
8793,2024-05-27,4123,654,7,92.89
8801,2024-07-24,8433,106,10,188.6
6975,2023-10-31,4401,549,8,114.0
9020,2023-09-21,4838,677,6,34.32
7169,2024-02-01,7339,223,5,80.7
6434,2023-08-19,3939,654,2,26.54
8861,2024-07-31,6081,169,8,211.28
5978,2023-12-21,6238,694,6,71.88
9043,2024-07-09,5478,223,7,112.98
9320,2024-04-17,6127,737,5,119.0
8571,2024-06-21,6121,600,1,5.68
5516,2023-11-21,1004,653,11,75.02000000000001
7546,2024-08-04,1584,394,8,191.2
6024,2024-03-31,3184,694,13,155.74
7167,2023-11-18,5726,251,5,53.8
6832,2023-12-19,6493,232,17,468.01
6766,2024-03-13,5826,223,6,96.84
7638,2023-11-08,6138,549,3,42.75
7191,2023-10-20,1011,394,19,454.09999999999997
9923,2024-02-14,2265,394,5,119.5
7657,2024-01-28,4918,654,9,119.42999999999999
5403,2024-01-07,8637,549,6,85.5
7875,2023-12-18,1812,654,2,26.54
8006,2024-05-24,6238,232,17,468.01
9075,2024-01-22,1976,737,9,214.20000000000002
8888,2024-01-26,7678,890,7,196.28
9273,2024-07-27,9138,251,6,64.56
7682,2024-01-11,6359,677,4,22.88
8859,2024-03-11,4344,106,7,132.01999999999998
9314,2023-12-08,2726,694,8,95.84
6319,2023-12-29,7714,549,4,57.0
8194,2024-01-25,5216,653,19,129.58
9343,2023-11-06,9790,890,9,252.35999999999999
5100,2024-07-25,8417,737,5,119.0
6215,2023-11-21,7830,653,14,95.48
9720,2023-09-13,4754,653,13,88.66
7905,2024-03-30,6698,654,2,26.54
9618,2023-09-28,8254,259,1,6.14
8464,2023-09-28,3406,106,6,113.16
9576,2023-10-25,9658,677,5,28.599999999999998
9633,2024-01-19,2433,549,6,85.5
7032,2023-10-03,2262,670,1,26.34
9453,2023-08-25,1110,169,6,158.46
9723,2023-08-24,9426,670,7,184.38
9670,2024-03-24,2928,259,8,49.12
5744,2023-08-22,9179,494,1,23.76
9692,2023-11-05,2243,232,19,523.07
5700,2023-09-26,6587,232,12,330.36
5159,2023-10-14,5868,259,7,42.98
9628,2024-05-07,3149,549,4,57.0
5789,2023-12-01,8120,494,3,71.28
5816,2023-12-23,3003,223,6,96.84
8046,2024-05-26,7321,169,1,26.41
9913,2024-04-17,9048,169,6,158.46
8547,2024-01-28,4146,251,1,10.76
8895,2023-10-09,1517,694,3,35.94
5559,2024-04-17,9582,251,7,75.32
8947,2024-04-13,6535,295,4,109.68
8212,2023-08-25,1976,600,12,68.16
6003,2024-03-06,7403,574,2,32.22
5330,2024-04-09,6137,625,4,71.92
8768,2024-07-18,3111,694,4,47.92
9718,2023-09-24,3939,223,6,96.84
6226,2024-02-23,3891,890,4,112.16
6000,2024-07-26,4996,295,7,191.94
7867,2024-04-22,7139,232,5,137.65
7629,2023-08-23,7838,737,4,95.2
9036,2024-03-31,5476,670,3,79.02
7029,2024-01-17,2243,251,3,32.28
6995,2023-11-06,5127,694,16,191.68
9071,2023-09-25,4677,670,4,105.36
5434,2024-03-24,6810,259,7,42.98
5302,2024-01-27,4972,259,8,49.12
8709,2023-10-07,2470,677,1,5.72
7416,2023-12-16,6097,890,5,140.2
9091,2023-10-12,6170,670,8,210.72
6291,2024-02-10,1018,106,8,150.88
8041,2024-08-04,6081,494,1,23.76
7496,2024-05-31,2028,223,7,112.98
6851,2024-01-19,9305,890,2,56.08
6675,2023-10-27,9796,169,3,79.23
5601,2024-02-29,9138,600,19,107.91999999999999
6202,2024-07-26,9555,232,8,220.24
9363,2024-05-02,6170,677,1,5.72
5800,2023-09-27,6243,494,5,118.80000000000001
9717,2024-03-09,5681,394,12,286.79999999999995
6795,2024-07-16,7560,295,2,54.84
5116,2024-02-18,3028,670,2,52.68
8877,2024-07-17,6814,394,2,47.8
7284,2024-04-09,9705,694,8,95.84
5327,2024-04-02,5216,654,9,119.42999999999999
8107,2024-04-15,4996,574,7,112.77
9542,2023-08-14,2433,106,16,301.76
9095,2024-01-16,5161,251,2,21.52
9564,2024-08-10,8648,295,1,27.42
7756,2024-05-05,4188,600,9,51.12
9836,2023-10-05,6342,600,18,102.24
5966,2024-03-23,7214,677,5,28.599999999999998
6731,2024-04-14,1145,890,7,196.28
7439,2023-12-27,2544,549,8,114.0
6268,2024-04-30,8335,890,9,252.35999999999999
7819,2023-09-12,5541,169,6,158.46
5280,2023-08-17,7497,295,8,219.36
7408,2023-11-29,2995,549,5,71.25
5554,2023-08-15,1153,694,3,35.94
6191,2024-07-16,2709,737,2,47.6
5359,2024-02-09,3645,694,10,119.80000000000001
8542,2023-11-22,9756,232,2,55.06
5479,2024-07-04,4519,677,4,22.88
9532,2023-09-21,1193,694,17,203.66
5057,2024-07-27,4300,737,5,119.0
5843,2024-01-24,5985,232,8,220.24
5238,2024-07-19,9537,574,3,48.33
7099,2024-02-23,2800,295,6,164.52
5678,2023-11-17,9592,169,7,184.87
7917,2024-07-27,7508,251,6,64.56
7964,2024-07-21,6274,494,6,142.56
7710,2023-11-28,3506,737,6,142.8
9275,2024-03-15,5332,625,3,53.94
6184,2023-08-15,5644,259,7,42.98
5083,2023-11-22,6252,223,2,32.28
9873,2024-08-01,4754,295,2,54.84
8892,2024-07-14,4996,625,7,125.86
8673,2024-02-01,2470,600,5,28.4
7598,2024-01-12,4433,549,7,99.75
7983,2024-08-06,2928,251,4,43.04
9197,2024-05-19,1199,600,19,107.91999999999999
5262,2024-05-03,6938,494,8,190.08
5536,2024-02-08,2344,677,3,17.16
7566,2023-11-06,2031,653,11,75.02000000000001
9195,2024-03-07,2439,574,5,80.55
8008,2024-06-21,1199,494,7,166.32000000000002
7372,2024-07-25,4624,654,1,13.27
5720,2024-05-17,2764,232,14,385.42
6335,2024-02-28,6722,625,6,107.88
8997,2023-09-12,6708,394,19,454.09999999999997
6881,2024-08-04,5070,694,17,203.66
7335,2024-03-09,3819,654,1,13.27
5498,2024-06-17,2603,223,2,32.28
6880,2024-06-20,6548,223,2,32.28
6015,2023-10-18,5064,106,7,132.01999999999998
9092,2023-09-23,4300,654,5,66.35
5313,2024-03-23,7965,394,9,215.1
9898,2024-03-30,2688,670,7,184.38
6868,2023-12-10,8562,106,15,282.9
9972,2024-07-25,7995,890,5,140.2
9844,2024-05-29,3028,890,9,252.35999999999999
6417,2023-09-14,9001,737,6,142.8
9704,2023-09-20,8938,232,3,82.59
7517,2023-10-26,2033,223,7,112.98
9950,2024-07-02,9790,223,4,64.56
9899,2024-03-02,3496,737,3,71.4
7883,2024-04-01,7637,653,7,47.74
9338,2023-11-10,9756,223,1,16.14
7480,2023-08-14,9016,223,1,16.14
8505,2024-05-21,3576,653,6,40.92
9262,2023-11-27,5004,251,8,86.08
7945,2023-09-16,3584,295,4,109.68
8565,2024-04-06,2771,549,6,85.5
7951,2024-01-25,5681,251,7,75.32
6799,2024-03-21,4634,494,5,118.80000000000001
7677,2024-05-06,5208,737,8,190.4
9747,2024-01-17,3403,653,5,34.1
6454,2024-04-16,2089,549,8,114.0
7578,2023-10-01,5868,654,5,66.35
8189,2024-05-17,2050,295,9,246.78000000000003
5171,2023-12-25,1129,694,14,167.72
7431,2024-03-22,6548,394,5,119.5
9745,2024-02-28,6708,677,1,5.72
7363,2023-09-26,3506,654,7,92.89
9082,2023-09-30,9179,653,3,20.46
8215,2023-08-29,3584,232,9,247.77
9355,2023-10-01,7736,251,5,53.8
7554,2023-12-01,1018,394,15,358.5
9919,2023-10-05,2995,494,7,166.32000000000002
9929,2024-06-24,5478,654,7,92.89
6553,2023-10-20,6369,654,9,119.42999999999999
7828,2024-07-18,9705,653,15,102.30000000000001
7572,2024-07-03,9538,677,4,22.88
6091,2024-06-06,2716,394,8,191.2
7071,2024-05-02,9305,394,8,191.2
5761,2024-04-07,7422,232,16,440.48
9301,2023-12-16,9756,574,4,64.44
5395,2023-08-31,2644,654,9,119.42999999999999
7401,2024-04-07,7237,890,1,28.04
6658,2023-11-17,4868,295,5,137.10000000000002
9289,2023-10-15,8284,549,4,57.0
7428,2024-05-02,1004,600,18,102.24
5242,2024-04-18,9858,694,14,167.72
6427,2024-04-12,2110,600,4,22.72
7805,2023-10-06,2764,549,4,57.0
7475,2023-12-08,3819,549,9,128.25
7178,2023-08-22,7731,654,1,13.27
6425,2024-02-04,5216,890,6,168.24
6006,2024-06-30,3406,625,9,161.82
6107,2024-03-01,6252,890,9,252.35999999999999
9207,2024-08-08,8443,394,3,71.69999999999999
8060,2024-02-16,6708,169,2,52.82
6515,2023-11-26,6137,106,6,113.16
6007,2024-07-07,8737,251,5,53.8
5297,2023-12-26,7388,670,1,26.34
7008,2024-02-28,7566,259,2,12.28
8814,2024-07-13,8691,169,2,52.82
6074,2023-12-14,7873,574,9,144.99
6082,2023-12-04,4677,653,12,81.84
7312,2024-01-04,1368,106,18,339.48
7314,2023-09-29,9523,677,9,51.48
5836,2023-12-30,9016,677,5,28.599999999999998
5237,2023-10-26,9679,653,9,61.38
5421,2024-07-19,3990,654,3,39.81
9450,2024-02-01,3470,653,5,34.1
6047,2024-04-28,4650,223,3,48.42
9247,2023-11-08,3046,259,1,6.14
7785,2024-05-11,7802,737,8,190.4
8766,2024-05-28,1484,625,3,53.94
6248,2024-02-26,7087,394,19,454.09999999999997
6272,2023-11-05,4686,654,4,53.08
9736,2024-03-28,3403,259,6,36.839999999999996
5515,2023-11-16,7214,251,9,96.84
7778,2023-12-16,7214,251,1,10.76
7776,2023-11-01,9538,549,1,14.25
7654,2024-03-24,4672,654,4,53.08
8256,2024-02-23,1193,494,5,118.80000000000001
9519,2023-10-28,5004,223,9,145.26
8567,2024-04-02,7244,890,4,112.16
6224,2023-09-27,7849,223,9,145.26
8993,2023-10-31,4696,890,3,84.12
8012,2023-12-14,4487,737,9,214.20000000000002
9605,2024-01-30,4696,653,1,6.82
6638,2024-08-02,9332,653,18,122.76
5882,2023-10-11,6548,259,4,24.56
8441,2024-06-07,9632,677,4,22.88
7857,2023-12-22,3939,737,7,166.6
5875,2023-12-28,9001,737,2,47.6
7604,2024-04-26,4378,549,7,99.75
8940,2023-08-26,9999,251,1,10.76
6785,2024-03-31,4874,169,8,211.28
8863,2023-12-16,9905,549,4,57.0
9556,2024-03-10,8198,106,11,207.45999999999998
6490,2024-04-06,1813,890,3,84.12
9246,2024-04-14,6243,251,2,21.52
9083,2024-02-04,5776,890,4,112.16
7941,2023-08-23,9369,677,6,34.32
6013,2024-03-11,2050,295,7,191.94
9999,2024-05-15,8727,494,3,71.28
5934,2023-09-06,7408,295,3,82.26
8387,2023-09-07,7802,670,9,237.06
6435,2023-11-22,7691,394,12,286.79999999999995
7143,2024-03-12,9388,251,5,53.8
6029,2023-10-03,1980,574,5,80.55
9155,2023-11-05,1182,494,4,95.04
7114,2024-04-28,6493,106,3,56.58
7482,2024-02-20,7399,653,17,115.94
9533,2023-12-31,8492,890,5,140.2
7800,2023-09-17,4569,232,1,27.53
8156,2024-01-10,8869,223,3,48.42
6404,2024-04-04,9538,169,2,52.82
9479,2023-08-14,2928,295,2,54.84
8646,2024-07-19,1004,251,6,64.56
5629,2024-03-21,4624,106,18,339.48
5862,2024-08-04,1517,169,5,132.05
5088,2024-06-03,5478,494,5,118.80000000000001
8903,2024-04-01,4872,494,6,142.56
5985,2024-02-27,1812,295,9,246.78000000000003
7149,2023-11-10,1011,494,9,213.84
6673,2024-05-17,9425,394,14,334.59999999999997
8926,2023-11-12,2468,654,1,13.27
7360,2023-10-02,4304,549,1,14.25
7481,2024-03-30,4242,677,4,22.88
5034,2023-10-18,1495,600,8,45.44
9228,2024-03-24,2910,259,7,42.98
8975,2023-09-27,3259,232,19,523.07
8756,2024-01-18,1418,625,3,53.94
9397,2023-09-29,5826,654,9,119.42999999999999
7457,2024-05-30,9001,223,5,80.7
5974,2024-05-08,9538,106,2,37.72
6545,2023-12-03,8335,549,5,71.25
5617,2024-06-30,1587,394,13,310.7
8742,2024-05-14,4696,654,9,119.42999999999999
6301,2024-03-15,5770,223,7,112.98
6292,2024-05-21,6127,549,2,28.5
6735,2024-02-16,6509,232,10,275.3
5018,2024-01-10,9426,223,6,96.84
5019,2023-11-03,2742,251,9,96.84
9734,2024-04-13,9807,625,3,53.94
6431,2024-07-21,6192,653,2,13.64
9640,2024-06-03,5477,890,9,252.35999999999999
6976,2024-07-26,4242,494,3,71.28
6189,2023-12-06,9807,574,6,96.66
9957,2023-11-06,4918,223,7,112.98
5639,2023-09-02,7403,625,6,107.88
6655,2024-07-26,8312,625,1,17.98
7222,2024-06-09,5842,494,2,47.52
8390,2024-04-11,9084,670,4,105.36
8231,2024-06-11,1813,295,8,219.36
6095,2023-10-01,7853,737,9,214.20000000000002
9002,2023-09-19,3819,106,14,264.03999999999996
7670,2024-05-15,8927,574,8,128.88
7216,2024-05-22,7968,223,6,96.84
7698,2024-03-25,9350,259,1,6.14
6790,2023-08-30,5086,223,8,129.12
7982,2024-02-21,2863,394,12,286.79999999999995
8361,2024-03-17,1004,890,4,112.16
5239,2023-09-01,2433,654,3,39.81
7281,2024-08-09,2078,625,8,143.84
9424,2023-08-24,4304,295,2,54.84
6743,2023-10-29,6342,494,6,142.56
7089,2023-10-17,2050,654,9,119.42999999999999
9204,2024-07-15,4872,494,3,71.28
8754,2024-05-16,1521,654,4,53.08
5796,2024-01-02,4650,549,8,114.0
7788,2024-06-21,7328,654,9,119.42999999999999
5244,2023-09-18,2863,259,6,36.839999999999996
7409,2023-09-07,8284,251,8,86.08
7487,2024-04-18,3205,549,9,128.25
9147,2023-10-23,7881,549,2,28.5
6691,2023-12-18,8417,574,3,48.33
8578,2024-05-04,9523,600,12,68.16
7270,2024-02-29,5161,106,3,56.58
6442,2023-12-15,1368,494,1,23.76
7526,2024-06-28,7503,670,4,105.36
8819,2023-12-05,9615,737,1,23.8
6517,2024-05-05,9596,494,7,166.32000000000002
7450,2023-12-24,8232,670,2,52.68
9011,2024-06-06,3939,223,8,129.12
9625,2023-10-02,2800,223,6,96.84
9341,2023-11-25,7970,394,4,95.6
7453,2023-12-21,5875,494,5,118.80000000000001
7708,2024-01-22,3878,494,8,190.08
5231,2023-10-28,8429,549,5,71.25
7750,2024-02-11,2110,394,8,191.2
6786,2024-04-19,1832,677,5,28.599999999999998
8427,2023-09-01,7853,600,8,45.44
9679,2024-06-04,9048,625,3,53.94
6800,2024-07-13,2439,737,4,95.2
6951,2023-12-29,7237,251,5,53.8
5203,2023-12-12,5132,600,1,5.68
5561,2024-06-25,8691,890,8,224.32
5550,2024-02-27,6317,677,7,40.04
7938,2023-11-27,7139,394,10,239.0
6866,2024-04-12,7779,625,6,107.88
8934,2024-05-27,1011,625,4,71.92
9200,2023-12-27,5111,259,6,36.839999999999996
5263,2024-05-16,9427,494,3,71.28
6036,2024-05-12,7671,653,15,102.30000000000001
5131,2024-07-28,5132,654,6,79.62
7649,2024-01-14,6246,694,7,83.86
8745,2023-09-26,5669,259,8,49.12
7375,2023-10-07,2031,694,4,47.92
5901,2024-04-23,9399,694,9,107.82000000000001
5444,2024-04-11,7849,737,5,119.0
7925,2024-07-20,4885,251,5,53.8
8106,2023-12-25,8443,600,18,102.24
5592,2023-11-14,7078,259,9,55.26
9218,2023-12-06,7486,625,5,89.9
6606,2023-10-26,5437,737,4,95.2
6354,2024-08-02,7714,670,2,52.68
8488,2023-08-23,2045,259,5,30.7
8955,2024-04-20,3239,232,3,82.59
5020,2024-03-08,4188,169,3,79.23
7871,2023-11-01,4768,737,2,47.6
8354,2023-08-16,2672,232,9,247.77
5742,2024-04-04,9680,259,2,12.28
5876,2023-11-17,3198,259,5,30.7
8811,2024-07-19,2265,549,5,71.25
9743,2024-03-17,4321,223,9,145.26
7725,2024-05-16,7328,670,3,79.02
7226,2023-10-08,2471,600,11,62.48
9867,2024-04-25,6345,600,11,62.48
5430,2024-03-29,2123,106,13,245.18
6494,2024-06-27,4972,251,3,32.28
6279,2024-04-01,7776,106,16,301.76
8193,2024-01-31,8232,677,1,5.72
9799,2023-09-22,3728,232,2,55.06
6389,2024-03-08,6082,600,17,96.56
5442,2024-05-27,8312,106,7,132.01999999999998
6566,2024-02-18,9146,890,4,112.16
6861,2024-06-24,7779,223,4,64.56
7354,2023-12-20,3071,574,7,112.77
7556,2023-10-02,7408,890,3,84.12
9543,2024-01-12,4417,625,8,143.84
7256,2024-04-19,7560,169,4,105.64
5507,2024-06-04,1167,232,3,82.59
5173,2023-08-20,7403,625,4,71.92
5726,2024-03-27,3398,394,14,334.59999999999997
6019,2024-06-16,3077,232,10,275.3
8173,2024-07-28,3213,677,5,28.599999999999998
5401,2024-02-10,9538,394,4,95.6
9193,2024-07-28,3819,737,3,71.4
8331,2024-06-26,4965,494,6,142.56
7097,2023-12-31,1021,600,4,22.72
6914,2023-10-20,4677,653,5,34.1
6575,2023-09-22,9138,654,8,106.16
6538,2024-02-19,9568,670,6,158.04
7000,2024-01-28,2688,574,4,64.44
7547,2024-02-26,9984,232,15,412.95000000000005
6507,2024-03-01,4649,295,7,191.94
7652,2023-10-23,2726,574,5,80.55
7591,2023-11-10,6359,106,6,113.16
6200,2024-01-08,2186,494,8,190.08
9758,2024-01-14,7731,259,1,6.14
6622,2023-11-16,2262,223,6,96.84
7968,2024-04-14,9351,259,9,55.26
8534,2024-02-22,9210,232,1,27.53
5611,2023-08-15,5086,549,2,28.5
7876,2024-04-11,6814,394,19,454.09999999999997
5182,2023-12-09,9984,653,9,61.38
7245,2023-11-08,6057,549,9,128.25
6557,2024-01-07,7112,890,8,224.32
6816,2024-05-14,1199,653,17,115.94
5822,2024-06-01,9210,169,6,158.46
8275,2023-10-08,5064,574,3,48.33
9432,2024-03-17,4444,295,4,109.68
7217,2024-05-06,1049,251,4,43.04
5847,2023-11-07,4754,169,2,52.82
7920,2024-07-13,3413,394,10,239.0
9860,2023-12-16,1675,574,5,80.55
6840,2023-08-16,3024,694,8,95.84
8765,2024-05-18,1223,106,9,169.74
6729,2023-10-30,1167,625,1,17.98
8482,2024-03-30,6082,670,2,52.68
9577,2024-06-11,5131,251,8,86.08
8053,2024-07-11,3496,600,15,85.19999999999999
7221,2023-11-19,9016,653,3,20.46
8303,2024-05-04,5127,654,8,106.16
9048,2024-02-11,6246,654,8,106.16
9887,2023-11-30,2110,890,7,196.28
6145,2024-03-31,1517,106,2,37.72
8195,2024-03-24,7087,654,5,66.35
6246,2024-01-06,6572,653,5,34.1
5315,2023-09-12,9518,574,6,96.66
7684,2023-11-10,6204,737,3,71.4
5963,2023-12-29,3496,494,5,118.80000000000001
5711,2023-10-20,9555,232,14,385.42
5859,2024-04-24,9683,106,10,188.6
7665,2024-03-13,6509,737,7,166.6
7656,2024-03-08,9568,549,8,114.0
5571,2024-06-23,1517,494,3,71.28
8929,2024-02-02,5064,549,1,14.25
7015,2024-08-02,2615,694,5,59.900000000000006
6077,2023-11-07,8938,494,3,71.28
6174,2023-11-10,8738,677,8,45.76
7619,2023-08-23,1836,737,8,190.4
8588,2024-04-30,3256,259,5,30.7
7159,2023-11-05,2800,295,3,82.26
6457,2024-05-24,4686,670,9,237.06
5557,2023-10-24,3615,394,3,71.69999999999999
8337,2024-07-30,1471,106,8,150.88
8031,2023-12-31,5541,653,16,109.12
6223,2024-03-16,7736,625,5,89.9
5991,2024-03-24,1163,232,19,523.07
9293,2023-09-16,3584,106,6,113.16
5495,2024-01-18,1004,600,4,22.72
5255,2024-03-22,6192,574,9,144.99
8344,2023-10-16,2021,677,9,51.48
9958,2024-03-07,5669,394,17,406.29999999999995
6176,2024-01-15,3990,670,5,131.7
8420,2024-07-17,3584,295,6,164.52
9592,2024-02-25,2470,494,7,166.32000000000002
5080,2024-06-18,1548,694,3,35.94
7719,2024-02-02,2217,737,8,190.4
5607,2024-05-29,3003,737,1,23.8
5351,2024-07-16,1976,106,5,94.3
5413,2024-06-08,5110,670,3,79.02
6233,2023-12-29,3416,677,3,17.16
8805,2024-02-29,7505,259,7,42.98
8402,2024-01-18,5633,494,8,190.08
9551,2024-04-24,7103,737,7,166.6
9935,2024-05-21,2800,653,7,47.74
9807,2024-02-05,4630,670,3,79.02
9374,2024-02-19,3259,394,11,262.9
8973,2023-09-10,7103,737,7,166.6
9436,2024-07-17,1335,494,3,71.28
9827,2024-03-14,8417,169,8,211.28
7213,2024-08-02,2764,251,8,86.08
6798,2023-11-20,5985,232,17,468.01
7706,2024-04-04,2494,574,5,80.55
6836,2023-11-26,9679,600,2,11.36
9834,2024-05-26,8624,259,1,6.14
9339,2024-03-06,3028,737,4,95.2
5599,2024-01-31,5411,694,11,131.78
7443,2024-01-18,7408,625,2,35.96
7528,2023-11-23,4649,654,1,13.27
5419,2024-05-26,3506,232,6,165.18
8572,2024-01-28,5985,494,7,166.32000000000002
5769,2024-05-21,4624,295,7,191.94
8604,2024-07-27,5644,494,7,166.32000000000002
6318,2023-09-01,2045,677,5,28.599999999999998
8695,2024-02-26,3878,106,12,226.32
8021,2024-04-06,5007,106,14,264.03999999999996
9831,2024-02-18,1524,890,3,84.12
9045,2023-11-28,2544,600,9,51.12
8490,2023-09-22,4487,600,2,11.36
5586,2024-08-02,2487,670,3,79.02
5476,2024-01-24,6938,295,9,246.78000000000003
7176,2023-11-23,9388,295,2,54.84
5709,2024-02-29,4357,549,4,57.0
6702,2024-03-20,3239,653,4,27.28
6030,2024-05-12,7838,625,3,53.94
5548,2024-04-01,4649,625,9,161.82
8970,2023-10-20,5131,259,1,6.14
6959,2024-06-23,9645,251,7,75.32
5786,2024-04-13,1512,259,3,18.419999999999998
8163,2024-03-21,5633,494,8,190.08
9572,2024-05-12,8927,251,3,32.28
9330,2024-03-13,1980,494,6,142.56
7070,2024-03-16,5127,251,1,10.76
8529,2023-12-08,9523,494,8,190.08
9586,2024-03-08,2494,549,6,85.5
7907,2023-09-18,3990,600,17,96.56
8050,2023-11-26,6273,600,11,62.48
8293,2024-08-06,5366,251,1,10.76
6873,2023-11-04,5669,574,9,144.99
5600,2024-02-10,4872,600,19,107.91999999999999
8704,2023-09-28,4972,106,10,188.6
8447,2023-12-19,4768,106,17,320.62
6997,2024-06-05,7755,654,6,79.62
6039,2023-08-23,9523,169,8,211.28
9105,2024-07-14,4696,653,11,75.02000000000001
8999,2024-03-27,3506,259,4,24.56
8840,2023-12-03,9592,694,2,23.96
6345,2023-10-09,6345,737,5,119.0
5722,2023-12-30,5110,394,11,262.9
8918,2024-07-19,3772,670,5,131.7
6860,2023-09-15,9596,494,6,142.56
9877,2023-09-23,8325,295,6,164.52
9870,2024-07-21,5757,251,9,96.84
6099,2024-04-16,6539,106,4,75.44
7267,2023-10-26,4569,394,2,47.8
7231,2024-06-17,5770,232,10,275.3
9503,2024-06-14,6615,232,1,27.53
6046,2024-05-08,5439,574,5,80.55
5062,2024-07-29,8832,670,9,237.06
5066,2023-10-23,2548,394,1,23.9
6178,2024-03-31,9658,494,5,118.80000000000001
7827,2023-11-10,6342,259,8,49.12
7250,2023-10-09,2456,890,9,252.35999999999999
5632,2024-06-30,7637,694,9,107.82000000000001
7133,2024-08-08,4610,494,9,213.84
9120,2023-11-19,2712,670,1,26.34
5691,2024-05-06,2910,394,15,358.5
8904,2023-12-29,3024,549,8,114.0
5407,2023-11-23,2742,677,2,11.44
6092,2024-08-05,7078,295,1,27.42
5687,2024-01-18,9679,677,9,51.48
5422,2024-07-21,4494,574,6,96.66
7283,2023-11-09,7560,670,8,210.72
5996,2023-11-08,5934,694,5,59.900000000000006
7016,2023-08-31,6170,169,4,105.64
6931,2024-05-15,9749,106,3,56.58
7900,2023-09-28,3198,694,14,167.72
6360,2024-07-26,4487,169,4,105.64
6893,2024-05-17,5127,106,17,320.62
6642,2024-04-28,5411,653,4,27.28
6413,2024-06-21,9615,625,1,17.98
7014,2024-08-01,8727,251,4,43.04
5772,2024-04-20,4272,494,4,95.04
8701,2023-09-19,4433,600,17,96.56
6839,2024-07-08,3789,574,1,16.11
5716,2024-07-03,7849,223,3,48.42
7451,2024-07-07,6097,169,6,158.46
9984,2024-01-19,3205,259,4,24.56
8648,2024-05-09,1548,625,9,161.82
6487,2024-02-18,8832,694,3,35.94
7310,2023-09-18,2948,677,9,51.48
8583,2024-04-23,1471,654,1,13.27
5763,2024-05-14,8927,600,11,62.48
8003,2024-05-22,5882,737,3,71.4
9210,2023-10-06,4696,394,5,119.5
8239,2023-10-25,2975,600,1,5.68
5841,2024-03-06,9155,295,7,191.94
8438,2023-12-06,2716,223,7,112.98
9382,2023-12-05,9796,694,3,35.94
7600,2023-11-17,3551,654,8,106.16
9733,2023-12-07,9645,677,2,11.44
9869,2024-01-29,2217,677,2,11.44
9340,2024-08-06,7566,600,15,85.19999999999999
8640,2024-03-27,9683,259,3,18.419999999999998
5324,2023-10-08,6121,653,1,6.82
6155,2024-03-27,5485,737,9,214.20000000000002
5012,2024-03-09,9305,232,3,82.59
6897,2023-09-04,5226,223,1,16.14
9560,2023-09-22,1004,106,12,226.32
6875,2024-03-19,3891,694,8,95.84
7463,2023-08-16,4918,549,3,42.75
9634,2023-12-09,5086,169,3,79.23
6461,2023-11-02,1832,653,11,75.02000000000001
6946,2023-12-26,6958,694,1,11.98
9737,2023-12-31,8140,737,3,71.4
8317,2024-02-07,2863,737,8,190.4
8433,2024-08-02,9683,625,5,89.9
6394,2023-11-05,4759,549,4,57.0
5505,2024-02-17,7871,654,8,106.16
5649,2023-12-23,5789,890,7,196.28
6783,2024-02-17,7415,654,8,106.16
6158,2023-10-20,3728,494,9,213.84
5007,2024-07-02,7399,574,3,48.33
9390,2024-04-16,1675,295,8,219.36
8549,2024-05-19,5726,169,5,132.05
7743,2024-06-11,9680,549,6,85.5
6331,2024-04-20,6192,625,3,53.94
7769,2024-04-03,6722,232,5,137.65
6084,2024-05-14,8737,251,7,75.32
5580,2024-02-09,4321,106,10,188.6
7991,2024-06-18,7560,494,9,213.84
8985,2023-09-06,5131,259,9,55.26
5730,2024-01-10,7714,625,5,89.9
8386,2024-04-01,2910,232,5,137.65
7537,2024-05-19,1584,223,9,145.26
8397,2023-10-16,2726,295,7,191.94
9995,2023-11-10,8952,653,3,20.46
7444,2024-03-26,7112,223,8,129.12
8762,2024-07-09,4898,259,1,6.14
7947,2024-05-15,9146,223,2,32.28
7328,2023-11-09,4898,890,8,224.32
6587,2023-08-19,1447,106,5,94.3
8998,2023-09-07,8938,232,11,302.83000000000004
5273,2024-05-11,2688,169,7,184.87
8886,2024-08-01,8140,394,4,95.6
9146,2023-12-07,4885,169,3,79.23
6521,2024-01-04,4487,600,14,79.52
8960,2024-03-11,2501,295,3,82.26
7862,2023-12-07,7630,670,9,237.06
5386,2024-02-08,1004,259,6,36.839999999999996
5269,2024-06-24,8312,259,8,49.12
8506,2023-08-28,1548,600,3,17.04
9681,2024-05-19,3470,549,4,57.0
7398,2024-01-24,4385,625,9,161.82
9855,2023-09-02,4444,737,9,214.20000000000002
6721,2023-09-30,9596,653,9,61.38
6694,2024-02-05,4895,259,9,55.26
8919,2024-01-31,9033,259,1,6.14
9282,2024-05-01,6630,600,16,90.88
6599,2024-06-02,7189,625,3,53.94
9568,2024-07-19,2243,259,4,24.56
9187,2024-03-20,6329,549,1,14.25
8613,2024-02-22,5007,625,7,125.86
9603,2024-07-09,9138,890,7,196.28
5177,2024-06-14,1004,574,1,16.11
9531,2023-12-26,5770,251,6,64.56
5389,2023-09-05,8140,737,8,190.4
7748,2024-03-30,2100,600,17,96.56
8629,2023-09-06,9332,251,3,32.28
8294,2023-09-09,4868,106,14,264.03999999999996
5681,2024-06-22,1343,259,4,24.56
9904,2024-05-25,3772,494,1,23.76
6878,2024-07-20,2487,625,8,143.84
9171,2023-11-10,4401,694,16,191.68
6950,2024-02-19,6580,259,2,12.28
8393,2024-03-23,5411,494,5,118.80000000000001
6266,2023-10-09,7802,737,5,119.0
9108,2024-06-22,5007,251,1,10.76
8915,2023-10-13,9399,677,8,45.76
6486,2023-12-19,5477,653,12,81.84
8698,2024-07-20,9658,106,19,358.34
9700,2023-10-04,4996,106,4,75.44
8292,2023-11-10,8312,625,8,143.84
5152,2023-09-08,1163,494,5,118.80000000000001
8087,2024-05-09,1418,232,7,192.71
6849,2023-10-30,7505,737,3,71.4
5904,2024-07-13,8738,259,2,12.28
5408,2023-11-11,9033,232,18,495.54
5667,2023-11-03,5208,653,17,115.94
6574,2024-07-02,9645,494,3,71.28
5579,2023-11-04,5726,549,5,71.25
5888,2024-02-10,9790,653,9,61.38
6850,2024-05-22,3551,106,6,113.16
6651,2024-03-18,3394,737,3,71.4
8953,2023-11-04,7259,600,17,96.56
9619,2024-03-04,9348,737,3,71.4
6896,2024-02-05,3470,259,7,42.98
9077,2023-11-09,2433,670,9,237.06
9987,2023-09-19,6580,574,2,32.22
7753,2024-05-07,9518,890,8,224.32
6483,2023-11-24,3617,295,5,137.10000000000002
8857,2023-12-04,9596,625,2,35.96
7044,2023-10-26,6174,677,7,40.04
9696,2024-07-28,3149,251,4,43.04
6437,2023-08-21,4433,670,9,237.06
7911,2024-03-02,3024,295,4,109.68
9055,2023-08-23,6132,232,10,275.3
7594,2023-12-05,6138,670,6,158.04
9179,2023-12-18,2304,232,6,165.18
8384,2024-02-11,1298,394,14,334.59999999999997
7595,2023-12-15,9425,737,1,23.8
9729,2023-09-08,7497,737,6,142.8
7142,2024-03-11,9350,677,9,51.48
7584,2024-06-25,1447,549,2,28.5
6391,2024-05-30,9796,654,2,26.54
7931,2024-03-31,5627,251,9,96.84
6626,2023-12-20,1447,574,7,112.77
6541,2023-09-10,8938,259,7,42.98
5605,2024-04-19,7637,694,10,119.80000000000001
7884,2023-10-02,3028,694,19,227.62
9953,2024-05-09,9582,494,6,142.56
8462,2024-06-19,1883,737,6,142.8
9094,2024-07-16,2724,653,10,68.2
8557,2023-12-13,6170,653,13,88.66
8443,2023-09-19,4378,295,6,164.52
6204,2024-03-04,2771,232,8,220.24
6244,2023-11-07,5776,223,5,80.7
7266,2023-08-30,2742,670,3,79.02
6073,2023-12-25,1029,251,9,96.84
9115,2024-04-01,7736,232,17,468.01
7838,2024-01-25,2764,251,4,43.04
9272,2024-08-05,9072,625,9,161.82
9219,2023-11-18,2548,670,5,131.7
9241,2024-01-08,9992,295,8,219.36
9621,2024-02-25,4158,106,7,132.01999999999998
6885,2023-11-27,2439,223,3,48.42
5150,2024-02-17,1029,169,2,52.82
6241,2024-06-25,9749,394,9,215.1
7135,2023-10-29,6273,890,5,140.2
9978,2023-12-21,7388,677,1,5.72
5692,2024-06-09,2639,394,2,47.8
9296,2024-06-10,7482,295,1,27.42
6596,2024-02-12,1049,694,2,23.96
8197,2024-01-22,2078,670,4,105.36
8436,2024-05-12,4895,654,2,26.54
5087,2024-01-10,4838,574,6,96.66
6390,2024-04-13,7691,394,10,239.0
8626,2024-03-22,2456,232,2,55.06
8559,2023-10-21,3470,737,7,166.6
9539,2023-09-02,2078,549,4,57.0
